Train,From,To,Train,Table,Train,From,To,Train,Table,
No.,station,station,Name,No.,No.,station,station,Name,No.,
01025/01026,Dadar,Ballia,TOD Exp,"6,6A,63,63A",11049/11050,Rajkot,Chhatrapati Shahu,Exp,"19,31",
01027/01028,Dadar,Gorakhpur,TOD Exp,"35,63,63A",,,Maharaj (T),,,
01139/01140,Nagpur,Madgaon,TOD Exp,"26,44",11055/11056,Lokmanya Tilak (T),Gorakhpur,Godaan,"6,63",
01665/01666,Rani Kamalapati,Agartala,TOD Exp,"18,24,24A,83",11057/11058,Chhatrapati Shivaji,Amritsar,Exp,"2,4,15",
02131/02132,Pune,Jabalpur,TOD Exp,6,,Maharaj (T),,,,
02133/02134,Bandra (T),Jabalpur,TOD Exp,"3,6,43",11059/11060,Lokmanya Tilak (T),Chhapra,Godaan,"6,22,63",
02197/02198,Coimbatore,Jabalpur,TOD Exp,"17,26,26-1,86",11061/11062,Lokmanya Tilak (T),Jaynagar,Exp,"6,22",
04115/04116,Subedarganj,Lokmanya ,TOD Exp,"35,57",11071/11072,Lokmanya Tilak (T),Ballia,Kamayani,6,
,,Tilak (T),,,11077/11078,Pune,Jammu Tawi,Jhelum,"4,16",
04711/04712,Bikaner,Bandra (T),TOD Exp,"3,59",11079/11080,Lokmanya Tilak (T),Gorakhpur,Exp,"35,38",
04717/04718,Hisar,Tirupati,TOD Exp,"8,43,46,77",11081/11082,Lokmanya Tilak (T),Gorakhpur,Exp,"6,63",
05053/05054,Gorakhpur,Bandra (T),TOD Exp,"3,82",11085/11086,SMVB,Gwalior,Exp,"4,4A,9",
05057/05058,Gorakhpur,Delhi,TOD Exp,22,11087/11088,Veraval,Pune,Exp,"31,76",
05074/05073,Lalkuan,KSR Bengaluru,TOD Exp,"17,17A,55",11089/11090,Bhagat ki kothi,Pune,Exp,"23,31",
07020/07019,Hyderabad,Jaipur,TOD Exp,"9,43,53,54",11091/11092,Bhuj,Pune,Exp,31,
07029/07030,Agartala,Secunderabad,TOD Exp,"29,83",11097/11098,Pune,Ernakulam Jn,Poorna,"19,26",
07053/07054,Kacheguda,Bikaner,TOD Exp,"9,23,53",11099/11100,Lokmanya Tilak (T),Madgaon,Double Decker,26,
07363/07364,SSS Hubballi,Yog Nagri Rishikesh,TOD Exp,"9,9A,75",11107/11008,Gwalior,Banaras,Bundelkhand Exp,47,
09419/09420,Ahmedabad,Tiruchchirappalli,TOD Exp,"3,10,21,70",11109/11110,Virangana,Lucknow,lntercity,35,
09525/09526,Hapa,Naharlagun,TOD Exp,"11,13, 33,",,Lakshmibai Jhansi,,,,
,,,,"33A, 62",11113/11114,Devlali,Bhusaval,Exp,5,
09653/09654,Ajmer,Bandra (T),TOD Exp,"3,54",11115/11116,Bhusaval,Itarsi,Exp,4,
09723/09724,Jaipur,Bandra (T),TOD Exp,"3,54",11119/11120,Igatpuri,Bhusaval,Exp,5,
10103/10104,Chhatrapati Shivaji,Madgaon,Mandovi Exp,26,,,,,,
,,,,,11121/11122,Bhusaval,Wardha,Exp,34,
,Maharaj (T),,,,,,,,,
10105/10106,Diva,Sawantwadi Road,Exp,26,11123/11124,Barauni,Gwalior,Mail,33,
10107/10108,Madgaon,Mangaluru Central,Memu,26,11125/11126,Ratlam,Gwalior,Exp,33,
10115/10116,Bandra (T),Madgaon,Exp.,26,11139/11140,Chhatrapati Shivaji,Hosepet,Exp,19,
,,,,,,Maharaj (T),,,,
10215/10216,Madgaon,Ernakulam Jn,Exp.,26,,,,,,
,,,,,11201/11202,Nagpur,Shahdol,Exp,58,
11001/11002,Chhatrapati Shivaji,Balharshah,Nandigram Exp,53,,,,,,
,Maharaj (T),,,,11265/11266,Jabalpur,Ambikapur,Exp,"43,81",
11003/11004,Dadar,Sawantwadi Road,Tutari Exp,26,11271/11272,Itarsi,Bhopal,Vindhyachal Exp,72,
11005/11006,Dadar,Puducherry,Chalukya Exp,"19,20,21",11273/11274,Itarsi,Prayagraj Chheoki,Exp,24,
11007/11008,Chhatrapati Shivaji,Pune,Deccan Exp,19,11301/11302,Chhatrapati Shivaji,KSR Bengaluru,Udyan,10,
,Maharaj (T),,,,,Maharaj (T),,,,
11009/11010,Chhatrapati Shivaji,Pune,Sinhagad Exp,19,11305/11306,Solapur,Hosepet,Exp,19,
,Maharaj (T),,,,11311/11312,Solapur,Hassan,Exp,"10,19",
11011/11012,Mumbai CSMT,Dhule,Exp,2,11403/11404,Nagpur,Chhatrapati Shahu,Exp,44,
11013/11014,Lokmanya Tilak (T),Coimbatore,Exp,"10,86",,,Maharaj (T),,,
11015/11016,Lokmanya Tilak (T),Saharsa,Amrit Bharat,"24,24A",11405/11406,Pune,Amravati,Exp,44,
11017/11018,Lokmanya Tilak (T),Karaikkal,Exp,"10,21",11407/11408,Pune,Lucknow Jn.,Exp,"35,44",
11019/11020,Chhatrapati Shivaji,Bhubaneswar New,Konark Exp,"10,30",11409/11410,Daund,Nizamabad,Exp,53,
,Maharaj (T),,,,11411/11412,Parli Vaijnath,Sangli,Exp,44,
11021/11022,Dadar,Tirunelveli,Chalukya Exp,"19,69",11413/11414,Nizamabad,Pandharpur,Exp,53,
11025/11026,Amravati,Pune,Exp,91,11421/11422,Hadapsar,Solapur,Exp,10,
11027/11028,Dadar,Satara,Exp,10,11425/11426,Pune,Chhatrapati Shahu,Exp,19,
,,,,,,,Maharaj (T),,,
11029/11030,Chhatrapati Shivaji,Chhatrapati Shahu,Koyna Exp,19,,,,,,
,Maharaj (T),Maharaj (T),,,11427/11428,Pune,Jasidih,Exp,"1,24",
11033/11034,Pune,Darbhanga,Exp,"6,22,44",11447/11448,Jabalpur,Howrah,Shaktipunj Exp,73,
11035/11036,Dadar,Mysuru,Sharavati Exp,19,11449/11450,Jabalpur,Shri Mata Vaishno,Exp,"16,56",
,,,,,,,Devi Katra,,,
11037/11038,Pune,Barhni,Exp,"6,63",,,,,,
,,,,,11463/11464,Somnath,Jabalpur (via ltarsi),Exp,"33,34,43,76",
11039/11040,Chhatrapati Shahu,Gondia,Maharashtra Exp,44,,,,,,
,Maharaj (T),,,,11465/11466,Somnath,Jabalpur (via Bina),Exp,"33,34,43,76",
11041/11042,Dadar,Sainagar Shirdi,Exp,53,11601/11602,Bina,Katni Murwara,Exp,43,
11045/11046,Chhatrapati Shahu,Dhanbad,Deekshabhoomi,"17,44,53",11603/11604,Kota,Bina,Exp,72,
,Maharaj (T),,Exp,,11605/11606,Bhopal,Bina,Exp,2,TAG-26
,,,,,11651/11652,Jabalpur,Singrauli,Intercity,73,
,,,,,9,,,,,
Train,From,To,Train,Table,Train,From,To,Train,Table
No.,station,station,Name,No.,No.,station,station,Name,No.
11701/11702,Raipur,Jabalpur,Intercity,58,12079/12080,KSR Bengaluru,SSS Hubballi,Jan Shatabdi,19
11703/11704,Rewa,Dr. Ambedkar Nagar,Exp,43,12081/12082,Kannur,Thiruvanthapuram,Jan Shatabdi,85
11705/11706,Jabalpur,Rewa,Exp,"43,43A",12083/12084,Mayiladuturai,Coimbatore,Jan Shatabdi,69
11751/11752,Rewa,Chirmiri,Exp,81,12087/12088,Naharlagun,Guwahati,Shatabdi,62
11753/11754,Rewa,NSCB Itwari,Exp,58,12089/12090,KSR Bengaluru,Shivmogga Town,Jan Shatabdi,19
11755/11756,Rewa,NSCB Itwari,Exp,58,12091/12092,Kathgodam,Dehradun,Jan Shatabdi,"13,55"
11801/11802,Gwalior,Prayagraj,Exp,47,12097/12098,Agartala,Khongsang,Jan Shatabdi,83
11807/11808,Virangana,Agra Cantt.,Exp,8,12101/12102,Lokmanya Tilak (T),Shalimar,Exp,5
,Lakshmibai Jhansi,,,,12103/12104,Pune,Lucknow,Exp,"35,44"
11841/11842,Khajuraho,Kurukshetra,Geeta Jayanti,"2,16,56",12105/12106,Chhatrapati Shivaji,Gondia,Vidarbha,5
11901/11902,Virangana,Agra Cantt.,Exp,8,,Maharaj (T),,,
,Lakshmibai Jhansi,,,,12107/12108,Sitapur,Lokmanya Tilak (T),Exp,35
11903/11904,Virangana,Etawah,Exp,33,12109/12110,Chhatrapati Shivaji,Manmad Jn,Panchavati,53
,Lakshmibai Jhansi,,,,,Maharaj (T),,,
11905/11906,Agra Cantt,Hoshiarpur,Exp,"2,16",12111/12112,Chhatrapati Shivaji,Amravati,Exp,5
12001/12002,Rani Kamalapati,New Delhi,Shatabdi,2,,Maharaj (T),,,
12003/12004,Lucknow,New Delhi,Swarna Shatabdi,25,12113/12114,Pune,Nagpur,Garib Rath,44
12005/12006,New Delhi,Kalka,Shatabdi,27,12115/12116,Chhatrapati Shivaji,Solapur,Siddheshwar,10
12007/12008,MGR Chennai,Mysuru,Shatabdi,20,,Maharaj (T),,,
,Central,,,,12119/12120,Amravati,Ajni (Nagpur),Intercity,5
12009/12010,Mumbai Central,Ahmedabad,Shatabdi,11,12121/12122,Jabalpur,H. Nizamuddin,M.P. Sampark,56
12011/12012,New Delhi,Kalka,Shatabdi,27,,,,Kranti,
12013/12014,New Delhi,Amritsar,Shatabdi,15,12123/12124,Chhatrapati Shivaji,Pune,Deccan Queen,19
12015/12016,New Delhi,Ajmer,Shatabdi,23,,Maharaj (T),,,
12017/12018,New Delhi,Dehradun,Shatabdi,75,12125/12126,Chhatrapati Shivaji,Pune,Pragati,"19,91"
,,,,,,Maharaj (T),,,
12019/12020,Howrah,Ranchi,Shatabdi,73,,,,,
,,,,,12127/12128,Chhatrapati Shivaji,Pune,Intercity,19
12021/12022,Howrah,BarbiI,Jan Shatabdi,87,,,,,
,,,,,,Maharaj (T),,,
12023/12024,Howrah,Patna,Jan Shatabdi,1,,,,,
,,,,,12129/12130,Pune,Howrah,Azad Hind,"5,44"
12025/12026,Pune,Secunderabad,Shatabdi,10,,,,,
,,,,,12131/12132,Dadar,Sai Nagar Shirdi,Exp,53
12027/12028,MGR Chennai ,KSR Bengaluru,Shatabdi,20,,,,,
,,,,,12133/12134,Chhatrapati Shivaji,Mangaluru Jn.,Exp,26
,Central,,,,,,,,
,,,,,,Maharaj (T),,,
12029/12030,New Delhi,Amritsar,Swarna Shatabdi,15,,,,,
,,,,,12135/12136,Pune,Nagpur,Exp,44
12031/12032,New Delhi,Amritsar,Shatabdi,15,,,,,
,,,,,12137/12138,Chhatrapati Shivaji,Firozpur Cantt.,Puniab Mail,"2,4,39"
12033/12034,Kanpur Central,New Delhi,Shatabdi,1,,Maharaj (T),,,
12035/12036,Tankpur,Delhi,Purnagiri ,55,12139/12140,Chhatrapati Shivaji,Nagpur,Sewagram,5
,,,Jan Shatabdi,,,Maharaj (T),,,
12037/12038,Delhi,Kotdwar,Siddhabali ,75,12141/12142,Lokmanya Tilak (T),Patliputra,Exp,24
,,,Jan Shatabdi,,12143/12144,Lokmanya Tilak (T),Sultanpur,Exp,35
12039/12040,New Delhi,Kathgodam,Shatabdi,55,12145/12146,Lokmanya Tilak (T),Puri,Exp,"5,78"
12041/12042,Howrah,New Jalpaiguri,Shatabdi,14,12147/12148,Chhatrapati Shahu,H. Nizamuddin,Exp,"9,19"
12045/12046,New Delhi,Chandigarh,Shatabdi,27,,Maharaj (T),,,
12047/12048,Guwahati,North Lakhimpur,Jan Shatabdi,62,11401/11402,Pune,Supaul,Exp,"24,44"
12049/12050,H. Nizamuddin,Virangana Lakshmibai,Gatiman,2,12151/12152,Lokmanya Tilak (T),Shalimar,Samarsata,"5,87"
,,Jhansi,,,12153/12154,Lokmanya Tilak (T),Rani Kamalapati,Exp,2
12051/12052,Chhatrapati Shivaji,Madgaon,Jan Shatabdi,26,12155/12156,Rani Kamalapati,H. Nizamuddin,Bhopal,2
,Maharaj (T),,,,12157/12158,Pune,Solapur,Hutatma,10
12053/12054,Haridwar,Amritsar,Jan Shatabdi,12,12159/12160,Amravati,Jabalpur,Exp,"5,17"
12055/12056,New Delhi,Dehradun,Jan Shatabdi,75,12161/12162,Lokmanya Tilak (T),Agra Cantt.,Lashkar,2
12057/12058,New Delhi,Daulatpur Chowk,Jan Shatabdi,27,12163/12164,Lokmanya Tilak (T),Chennai Central,Exp,10
12059/12060,Kota,H. Nizamuddin,Jan Shatabdi,3,12165/12166,Lokmanya Tilak (T),Gorakhpur,Exp,"6,63"
12061/12062,Rani Kamalapati,Madan Mahal,Jan Shatabdi,43,12167/12168,Lokmanya Tilak (T),Banaras,Exp,6
12065/12066,Ajmer,Delhi Sarai Rohilla,Jan Shatabdi,23,12169/12170,Pune,Solapur,Intercity,10
12067/12068,Guwahati,Jorhat Town,Jan Shatabdi,66,12171/12172,Lokmanya Tilak (T),Haridwar,AC,"2,75"
12069/12070,Raigarh,Gondia,Jan Shatabdi,5,12173/12174,Lokmanya Tilak (T),Maa Belha Devi Dham,Udyog Nagari,35
12071/12072,Chhatrapati Shivaji,Hingoli,Jan Shatabdi,53,,,Pratapgarh,,
,Maharaj (T),,,,12175/12176,Howrah,Gwalior,Chambal,65
12073/12074,Howrah,Bhubaneswar,Jan Shatabdi,7,12177/12178,Howrah,Mathura,Chambal,65
12075/12076,Kozhikode,Thiruvananthapuram,Jan Shatabdi,85,12179/12180,Lucknow Jn.,Agra Fort,Intercity,33
12077/12078,MGR Chennai ,Vijayawada,Jan Shatabdi,71,,,,,
TAG-26,,,,,12181/12182,Jabalpur,Ajmer,Dayodaya,72
,Central,,,,,,,,
,,,,10,,,,,
Train,From,To,Train,Table,Train,From,To,Train,Table,
No.,station,station,Name,No.,No.,station,station,Name,No.,
12183/12184,Bhopal,Maa Belha Devi Dham,Exp,35,12297/12298,Ahmedabad,Pune,Duronto,31,
,,Pratapgarh,,,12301/12302,Howrah (via Gaya),New Delhi,Kolkata Rajdhani,1,
12185/12186,Rani Kamalapati,Rewa (via Bina),Rewanchal,43,12303/12304,Howrah (via Patna),New Delhi,Poorva,1,
12187/12188,Jabalpur,Chhatrapati Shivaji,Garib Rath,6,12305/12306,Howrah (via Patna),New Delhi,Kolkata Rajdhani,1,
,,Maharaj (T),,,12307/12308,Howrah,Jodhpur,Exp,"28,65",
12189/12190,Jabalpur,H. Nizamuddin,Mahakoshal,56,12309/12310,Rajendranagar,New Delhi,Tejas Rajdhani,1,
12191/12192,H. Nizamuddin,Jabalpur,Exp,56,12311/12312,Howrah,Kalka,Netaji Exp,"1,27",
12193/12194,Yesvantpur,Jabalpur,Exp,"9,17,52",12313/12314,Sealdah,New Delhi,Sealdah Rajdhani,1,
12195/12196,Agra Fort,Ajmer,Intercity,23,12315/12316,Kolkata,Udaipur City,Ananya,"23,65,54",
12197/12198,Bhopal,Gwalior,Intercity,4,12317/12318,Kolkata,Amritsar,Akal Takht,12,
12201/12202,Lokmanya Tilak (T),Thiruvanthapuram,Garib Rath,26,12319/12320,Kolkata,Gwalior,Exp,65,
,,North,,,,,,,,
,,,,,12321/12322,Howrah,Chhatrapati Shivaji,Mail,"1,6",
12203/12204,Saharsa,Amritsar,Garib Rath,"15,13",,,Maharaj (T),,,
12207/12208,Kathgodam,Jammu Tawi,Exp,"12,55",12323/12324,Howrah,Barmer,SF Exp,"1,59",
12209/12210,Kanpur Central,Kathgodam,Exp,"22,55",12325/12326,Kolkata,Nangaldam,Exp,12,
12211/12212,Muzaffarpur,Anand Vihar (T),Garib Rath,"22,64",12327/12328,Howrah,Dehradun,Upasana,"12, 12A",
12213/12214,Yesvantpur,Delhi Sarai Rohilla,Duronto,9,12329/12330,Sealdah,Anand Vihar (T),West Benqal,1,
12215/12216,Delhi Sarai Rohilla,Bandra (T),Garib Rath,"11,23",,,,Sampark Kranti,,
12217/12218,Thiruvanthapuram,Chandigarh,Kerala Sampark,"3,26,27",12331/12332,Howrah,Jammu Tawi,Himgiri,12,
,North,,Kranti,,12333/12334,Howrah,Prayagraj Rambag,Vibhuti,1,
12219/12220,Lokmanya Tilak (T),Secunderabad,Duronto,10,12335/12336,Bhagalpur,Lokmanya Tilak (T),Exp,24,
12221/12222,Pune,Howrah,Duronto,5,12337/12338,Howrah,Bolpur,Shantiniketan,14,
12223/12224,Lokmanya Tilak (T),Ernakulam Jn,Duronto,26,12339/12340,Howrah,Dhanbad,Coalfield,37,
12225/12226,Azamgarh,Delhi,Kaifiyaat,25,12341/12342,Howrah,Asansol,Agniveena,37,
12227/12228,Mumbai Central,Indore,Duronto,3,12343/12344,Sealdah,Haldibari,Darjeeling Mail,14,
12229/12230,Lucknow,New Delhi,Lucknow Mail,25,12345/12346,Howrah,Guwahati,Saraighat,14,
12231/12232,Lucknow,Chandigarh,Exp,88,12347/12348,Howrah,Rampurhat,Exp,14,
12235/12236,Anand Vihar (T),Madhupur,Humsafar,1,12349/12350,Godda,New Delhi,Humsafar Exp,1,
12237/12238,Varanasi,Jammu Tawi,Begampura,12,12351/12352,Howrah,Rajendranagar,Exp,1,
12239/12240,Mumbai Central,Hisar,Duronto,"3,77",12353/12354,Howrah,Lalkuan,Exp,"12,55",
12243/12244,MGR Chennai,Coimbatore,Shatabdi,86,12355/12356,Patna,Jammu Tawi,Archana Exp,12,
,Central,,,,,,,,,
,,,,,12357/12358,Kolkata,Amritsar,Durgiana,12,
12245/12246,Howrah,SMVT Bengaluru,Duronto,29,,,,,,
,,,,,12361/12362,Asansol,Chhatrapati Shivaji,Exp,"1,6",
12247/12248,Bandra (T),H. Nizamuddin,Yuva,3,,,Maharaj (T),,,
12249/12250,Shakur Basti,Jaisalmer,Exp,23,12363/12364,Kolkata,Haldibari,Intercity,14,
12251/12252,Yesvantpur,Korba,Wainganga,"9,42,52",12365/12366,Patna,Ranchi,Jan Shatabdi,36,
12253/12254,SMVT Bengaluru,Bhagalpur,Anga,"29,36",12367/12368,Bhagalpur,Anand Vihar (T),Vikramshila,1,
12257/12258,Yesvantpur,Thiruvanthapuram,Garib Rath,86,12369/12370,Howrah,Dehradoon,Kumbha,12,
,,North,,,,,,,,
,,,,,12371/12372,Howrah,Bikaner,Exp,"12,25,59",
12259/12260,Sealdah,Bikaner Jn.,Duronto,"1,59",,,,,,
,,,,,12375/12376,Jasidih,Tambaram,Exp,"1,40",
12261/12262,Chhatrapati Shivaji,Howrah,Duronto,5,,,,,,
,,,,,12377/12378,Sealdah,New Alipurduar,Padatik,14,
,Maharaj (T),,,,,,,,,
,,,,,12379/12380,Sealdah,Amritsar,Jallianwala Baqh,"1,15",
12263/12264,Pune,H. Nizamuddin,Duronto,4,,,,,,
,,,,,12381/12382,Howrah (via Gaya),New Delhi,Poorva,1,
12265/12266,Delhi Sarai Rohilla,Jammu Tawi,Duronto,16,,,,,,
,,,,,12383/12384,Sealdah,Asansol,Intercity,37,
12267/12268,Mumbai Central,Hapa,Duronto,11,,,,,,
,,,,,12389/12390,Gaya,MGR Chennai ,Exp,17,
12269/12270,MGR Chennai,H. Nizamuddin,Duronto,8,,,,,,
,,,,,,,Central,,,
,Central,,,,,,,,,
,,,,,12391/12392,Rajgir,New Delhi,Shramjeevi,"1,25,67",
12273/12274,Howrah,New Delhi,Duronto,1,,,,,,
,,,,,12393/12394,Rajendranagar,New Delhi,Sampoorna Kranti,1,
12275/12276,Prayagraj,New Delhi,Humsafar,1,,,,,,
,,,,,12395/12396,Rajendranagar,Ajmer,Ziyarat,"23,65",
12277/12278,Howrah,Puri,Shatabdi,7,,,,,,
,,,,,12397/12398,Gaya,New Delhi,Mahabodhi,1,
12279/12280,Virangana,New Delhi,Taj,2,,,,,,
,Lakshmibai Jhansi,,,,12401/12402,Kota,Dehradun,Nanda Devi,"3,75",
12281/12282,Bhubaneswar,New Delhi,Duronto,32,12403/12404,Prayagraj,Lalgarh,Exp,"1,59,80",
12283/12284,Ernakulam Jn,H. Nizamuddin,Duronto,"3,26",12405/12406,Bhusaval,H. Nizamuddin,Gondwana,"2,34",
12285/12286,Secunderabad,H. Nizamuddin,Duronto,9,12407/12408,New Jalpaiguri,Amritsar,Karmabhoomi,13,
12289/12290,Chhatrapati Shivaji,Nagpur,Duronto,5,12409/12410,Raigarh,H. Nizamuddin,Gondwana,42,
,Maharaj (T),,,,12411/12412,Chandigarh,Amritsar,Intercity,15,
12291/12292,Yesvantpur,MGR Chennai ,Exp,20,12413/12414,Ajmer,Jammu Tawi,Galtadham Pooja,"16,23",
,,Central,,,,,,Exp,,
12293/12294,Lokmanya Tilak (T),Prayagraj,Duronto,6,12415/12416,Indore,New Delhi,Exp,3,
12295/12296,SMVT Bengaluru,Danapur,Sanghmitra,"17,20",12417/12418,Prayagraj,New Delhi,Prayagraj,1,TAG-26
,,,,,11,,,,,
,Train,From,To,Train,Table,Train,From,To,Train,Table
,No.,station,station,Name,No.,No.,station,station,Name,No.
,12419/12420,Lucknow,New Delhi,Gomti,25,12511/12512,Gorakhpur,Thiruvanthapuram,Raptisagar,"8,17,35,86"
,12421/12422,Amritsar,Hazur SahibNanded,Exp,"9,15,39,53",,North,,,
,12423/12424,Dibrugarh Town,New Delhi,Dibrugarh Town,"18,66",12513/12514,Charlapalli,Silchar,Exp,"29,83"
,,,,Rajdhani,12515/12516,Coimbatore Jn.,Silchar,Exp,"29,83,86",
,12425/12426,New Delhi,Jammu Tawi,Jammu Rajdhani,16,12517/12518,Kolkata,Guwahati,Garib Rath,14
,12427/12428,Rewa,Anand Vihar (T),Rewa Exp,"1,6",12519/12520,Lokmanya Tilak (T),Agartala,SF Exp,"18,24"
,12429/12430,Lucknow,New Delhi,AC,25,12521/12522,Barauni,Ernakulam Jn,Raptisagar,"8,17,35,37,86"
,12431/12432,Thiruvananthapuram,H. Nizamuddin,Thiruvananthapuram,"3,26",12523/12524,New Jalpaiguri,Anand Vihar (T),Exp,18
,,Central,,Rajdhani,12533/12534,Gomti Nagar,Chhatrapati Shivaji,Pushpak,35,
,12433/12434,MGR Chennai ,H. Nizamuddin,Chennai Rajdhani,8,,Maharaj (T),,,
,,Central,,,12535/12536,Lucknow Jn.,Raipur,Garib Rath,81,
,12435/12436,Anand Vihar (T),Jaynagar,Exp,"1,90",12539/12540,Yesvantpur,Lucknow,Exp,"17,25"
,12437/12438,Secunderabad,H. Nizamuddin,Secunderabad,9,12545/12546,Raxaul,Lokmanya Tilak (T),Karmabhoomi,"90,24"
,,,,Rajdhani,,,,,,
,,,,,12547/12548,Agra Cantt.,Sabarmati,Sabarmati Exp,23,
,12439/12440,Sriganganagar,H.S. Nanded,Exp,"9,39,53",,,,,
,,,,,12549/12550,Durg,Martyr Captain Tushar,Exp,"81,32,16",
,12441/12442,Bilaspur,New Delhi,Bilaspur Rajdhani,42,,Mahajan,,,
,12443/12444,Haldia,Anand Vihar (T),Exp,"1,87",12551/12552,SMVT Bengaluru,Kamakhya,Exp,"29,20,87"
,12445/12446,New Delhi,Shri Mata Vaishnodevi,Uttar Sampark,16,12555/12556,Gorakhpur,Bathinda,Gorakhdham Exp,"22,39"
,,,Katra,Kranti,,,,,,
,,,,,12557/12558,Muzaffarpur,Anand Vihar (T),Sapt Kranti,"22,64",
,12447/12448,Manikpur,H. Nizamuddin,Uttar Pradesh,56,,,,,
,,,,,12559/12560,Banaras,New Delhi,Shiv Ganga,25,
,,,,Sampark Kranti,,,,,,
,,,,,12561/12562,Jayanagar,New Delhi,Swatantrata,22,
,12449/12450,Madgaon,Chandigarh,Goa Sampark,"3,26,27",,,,,
,,,,,,,,Sainani,,
,,,,Kranti,,,,,,
,,,,,12565/12566,Darbhanga,New Delhi,Bihar Sampark,22,
,12451/12452,Kanpur Central,New Delhi,Shram Shakti,1,,,,,
,,,,,,,,Kranti,,
,12453/12454,Ranchi,New Delhi,Ranchi Rajdhani,41,,,,,
,,,,,12571/12572,Gorakhpur,Anand Vihar (T),Humsafar,"38,22",
,12455/12456,Delhi Sarai Rohilla,Bikaner,Exp,39,,,,,
,,,,,12577/12578,Darbhanga,Mysuru,Bagmati,"20,17,90",
,12457/12458,Delhi Sarai Rohilla,Bikaner,Exp,59,,,,,
,,,,,12581/12582,Banaras,New Delhi,Exp,25,
,12461/12462,Jodhpur,Sabarmati,Vande Bharat,23,,,,,
,,,,,12583/12584,Lucknow Jn.,Anand Vihar (T),AC Double Decker,25,
,12463/12464,Delhi Sarai Rohilla,Jodhpur,Rajasthan Sampark,23,,,,,
,,,,,12587/12588,Gorakhpur,Jammu Tawi,Amarnath,13,
,,,,Kranti,,,,,,
,,,,,12589/12590,Gorakhpur,Secunderabad,Exp,"9,17,35",
,12465/12466,Indore,Jodhpur,Ranthambhore,"3,28",,,,,
,,,,,12591/12592,Gorakhpur,Yesvantpur,Exp,"9,17,35",
,12467/12468,Jaisalmer,Jaipur,LeeIan,"28,59",,,,,
,,,,,12593/12594,Lucknow Jn.,Bhopal,Exp,35,
,12469/12470,Kanpur Central,Jammu Tawi,Exp,12,,,,,
,,,,,12595/12596,Gorakhpur,Anand Vihar (T),Humsafar,22,
,12471/12472,Bandra (T),Shri Mata Vaishnodevi,Swaraj,"3,16",,,,,
,,,Katra,,12597/12598,Gorakhpur,Chhatrapati Shivaji,Antyodaya,35,
,,,,,,,Maharaj (T),,,
,12473/12474,Gandhi Dham,Shri Mata Vaishnodevi,Sarvodaya,"3,11,16",,,,,
,,,Katra,,12601/12602,MGR Chennai,Mangaluru Central,Mail,86,
,,,,,,Central,,,,
,12475/12476,Hapa,Shri Mata Vaishnodevi,Exp,"3,11,16",,,,,
,,,Katra,,12603/12604,MGR Chennai,Cherapalli,Exp,71,
,,,,,,Central,,,,
,12477/12478,Jamnagar,Shri Mata Vaishnodevi,Sindhu,"3,11,16",,,,,
,,,,,12605/12606,Chennai Egmore,Karaikudi,Pallavan,21,
,,,Katra,,,,,,,
,,,,,12607/12608,MGR Chennai,KSR Bengaluru,Lalbagh,20,
,12479/12480,Jodhpur,Bandra (T),Suryanagari,"11,23",,,,,
,,,,,,Central,,,,
,12481/12482,Delhi,Sri Ganganagar,Intercity,39,,,,,
,,,,,12611/12612,MGR Chennai,H. Nizamuddin,Garib Rath,8,
,12483/12484,Thiruvanthapuram,Amritsar,Exp,"3,15,26",Central,,,,
,,North,,,,,,,,
,,,,,12613/12614,Mysuru,KSR Bengaluru,Wodeyar,20,
,12485/12486,Hazur Sahib Nanded,Sri Ganganagar,Exp,"9,39,53",,,,,
,,,,,12615/12616,Chennai Egmore,New Delhi,Grand Trunk,8,
,12487/12488,Jogbani,Anand Vihar (T),Seemanchal,18,,,,,
,,,,,12617/12618,Ernakulam Jn,H. Nizamuddin,Mangala,"2,26",
,12489/12490,Sri Ganganagar,Dadar (via Bhildil),Exp,"11, 23, 39",,,Lakshadweep,,
,12493/12494,H. Nizamuddin,Miraj,Darshan,4,12619/12620,Lokmanya Tilak,Mangaluru Central,Matsyagandha,26
,12495/12496,Bikaner,Kolkata,Pratap,"28,65",12621/12622,MGR Chennai,New Delhi,Tamil Nadu,8
,12497/12498,New Delhi,Amritsar,Shan-e-Punjab,15,Central,,,,
,12501/12502,KolKata,Agartala,Garib Rath,"14,14A",12623/12624,MGR Chennai,Thiruvananthapuram,Mail,86
,,,,,,Central,,,,
,12503/12504,Sir M Visvesvaraya,Agartala,Humsafar Exp,"29,83",,,,,
,,"Terminal, Bengaluru",,,12625/12626,Thiruvananthapuram,New Delhi,Kerala,"8,86",
,,,,,,Central,,,,
,12505/12506,Kamakhya,Anand Vihar (T),North East,"1,18",,,,,
,,,,,12627/12628,KSR Bengaluru,New Delhi,Karnataka,9,
,12507/12508,Thiruvananthapuram,Silchar,Aronai Exp,"83,86,29",,,,,
,,Central,,,12629/12630,Yesvantpur,H. Nizamuddin,Karnataka Sampark,"9,19",
,,,,,,,,Kranti,,
TAG-26,12509/12510,Guwahati,SMVT Bengaluru,Exp,29,,,,,
,,,,,12631/12632,Chennai Egmore,Tirunelveli,Nellai,21,
,,,,,12,,,,,
Train,From,To,Train,Table,Train,From,To,Train,Table,
No.,station,station,Name,No.,No.,station,station,Name,No.,
12633/12634,Chennai Eamore,Kanniyakumari,Exp,21,12737/12738,Kakinada Port,Lingampalli,Gautami,30,
12635/12636,Chennai Egmore,Madurai,Vaigai,21,12739/12740,Visakhapatnam,Secunderabad,Garib Rath,30,
12637/12638,Chennai Egmore,Madurai,Pandivan,21,12741/12742,Vasco-de-Gama,Patna,Exp,"24,26",
12639/12640,MGR Chennai,KSR Bengaluru,Brindavan,20,12743/12744,Gudur,Vijayawada,Intercity,7,
,Central,,,,12745/12746,Manuguru,Secunderabad,Exp,30,
12641/12642,Kanniyakumari,H. Nizamuddin,Thirukkural,"8,21",12747/12748,Guntur,Vikarabad,Palnadu,30,
12643/12644,Thiruvanthapuram,H. Nizamuddin,Exp,"8,86",12749/12750,Machilipatnam,Bidar,Machilipatnam,"30,53",
,North,,,,,,,,,
,,,,,12751/12752,H.S. Nanded,Jammu Tawi,Humsafar,"4,53",
12645/12646,Ernakulam Jn,H. Nizamuddin,Millennium,"8,86",,,,,,
,,,,,12753/12754,H.S. Nanded,H. Nizamuddin,Marathwada,"4,53",
12647/12648,Coimbatore,H. Nizamuddin,Kongu,"9,52,86",,,,Samprakranti,,
12649/12650,Yesvantpur,H. Nizamuddin,Karnataka Sampark,"9,19,60",12755/12756,Kakinada Port,Bhavnagar,Exp,"10,11,30",
,,,Kranti,,,,,,,
,,,,,12757/12758,Secunderabad,Sirpur Kaghaz Nagar,Kaghaz Nagar Exp.,9,
12651/12652,Madurai,H. Nizamuddin,Tamil Nadu,"8,21",,,,,,
,,,,,12759/12760,Tambaram,Hyderabad,Charminar,71,
,,,Sampark Kranti,,,,,,,
,,,,,12761/12762,Tirupati,KarimNagar,Exp,71,
12653/12654,Chennai Egmore,Tiruchchirappalli,Rockfort,21,,,,,,
,,,,,12763/12764,Tirupati,Secunderabad,Padmavati,71,
12655/12656,Ahmedabad,MGR Chennai ,Navjivan,46,,,,,,
,,Central,,,12765/12766,Tirupati,Amravati,Exp,"52,53",
12657/12658,MGR Chennai,KSR Bengaluru,Mail,20,12767/12768,Hazur Sahib Nanded,Santragachi,Exp,"5,53",
,Central,,,,12769/12770,Tirupati,Secunderabad,Seven Hills,52,
12659/12660,Nagercoil,Shalimar,Gurudev,"29,86",12771/12772,Secunderabad,Raipur,Exp,"5,9",
12661/12662,Chennai Egmore,Sengottai,Pothigai,21,12773/12774,Shalimar,Secunderabad,AC,30,
12663/12664,Howrah,Tiruchchirappalli,Exp,"21,29",12775/12776,Kakinada,Lingampalli,Cocanada AC,30,
12665/12666,Howrah,Kanniyakumari,Exp,"21,29",12777/12778,SSS Hubballi,Thiruvanthapuram,Exp,"19,86",
12667/12668,Chennai Egmore,Kanniyakumari,Exp,21,,,North,,,
12669/12670,MGR Chennai Central,Chhapra,Ganga Kaveri,17,12779/12780,Vasco-de-Gama,H. Nizamuddin,Goa,"9,19",
12671/12672,MGR Chennai Central,Mettupalavam,Nilqiri,86,12781/12782,Mysuru,H. Nizamuddin,Swarna Jayanti,"9,19",
12673/12674,MGR Chennai Central,Coimbatore,Che ran,86,12783/12784,Visakhapatnam,Secunderabad,AC,30,
12675/12676,MGR Chennai Central,Coimbatore,Kovai,86,12785/12786,Kacheguda,Ashokapuram,Ashokapuram Exp,52,
12679/12680,MGR Chennai Central,Coimbatore,Intercity,86,12787/12788,Narasapur,Nagarsol,Exp,"30,53",
12681/12682,MGR Chennai Central,Coimbatore,Exp,86,12789/12790,Murudeshwar,Kacheguda,Exp,"2A,26,71, 86",
12683/12684,Ernakulam Jn,SMVT Bengaluru,Exp,86,12791/12792,Secunderabad,Danapur,Danapur,17,
12685/12686,MGR Chennai Central,Mangaluru Central,Exp,86,12793/12794,Tirupati,Nizamabad,Rayalseema,71,
12689/12690,MGR Chennai Central,Nagercoil,Exp,"69,86",12795/12796,Vijayawada,Lingampalli,Intercity,30,
12691/12692,MGR Chennai Central,Shivmogga Town,Exp,20,12797/12798,Kacheguda,Chittoor,Venkatadri,71,
12693/12694,Chennai Egmore,Tuticorin,Pearl City,21,12801/12802,Puri,Anand Vihar (T),Purushottam,32,
12695/12696,MGR Chennai,Thiruvanthapuram,Exp,86,12803/12804,Visakhapatnam,H. Nizamuddin,Swarna Jayanti,42,
,Central,Central,,,12805/12806,Visakhapatnam,Lingampalli,Janmabhoomi,"7,71",
12697/12698,MGR Chennai,Thiruvananthapuram,Exp,86,12807/12808,Visakhapatnam,H. Nizamuddin,Samata,42,
,Central,Central,,,12809/12810,Chhatrapati Shivaji,Howrah,Mail,5,
12701/12702,Chhatrapati Shivaji,Hyderabad,Hussain Sagar,10,,Maharaj (T),,,,
,Maharaj (T),,,,12811/12812,Lokmanya Tilak (T),Hatia,Exp,5,
12703/12704,Howrah,Secunderabad,Falaknuma,30,12813/12814,Howrah,Tatanagar,Steel,87,
12705/12706,Guntur,Secunderabad,Intercity,71,12815/12816,Puri,Anand Vihar (T),Nandankanan,32,
12707/12708,Tirupati,H. Nizamuddin,Andhra Pradesh,"9,71",12817/12818,Hatia (via Bokaro),Anand Vihar (T),Jharkhand Swarna,41,
,,,Sam park Kranti,,,,,Jayanti,,
12709/12710,Gudur,Secunderabad,Simhapuri,71,12819/12820,Bhubaneswar,Anand Vihar (T),Odisha Sam park,32,
12711/12712,Vijayawada,MGR Chennai Central,Pinakini,71,,,,Kranti,,
12713/12714,Vijayawada,Secunderabad,Satavahana,71,12821/12822,Howrah,Puri,Dhauli,7,
12715/12716,Hazur Sahib Nanded,Amritsar,Sachkhand,"4,15,53",12823/12824,Durg,H. Nizamuddin,Chattisgarh ,"32,81",
,,,,,,,,Sampark Kranti,,
12717/12718,Visakhapatnam,Vijayawada,Ratnachal,7,,,,,,
,,,,,12825/12826,Ranchi (via Bokaro),Anand Vihar (T),Jharkhand,41,
12719/12720,Jaipur,Hyderabad,Jaipur Exp,"9,53,54",,,,Sampark Kranti,,
12721/12722,Hyderabad,H. Nizamuddin,Dakshin,"9,42",12827/12828,Howrah,Purulia,Exp,87,
12723/12724,Hyderabad,New Delhi,Telangana,9,20854/20853,MGR Chennai,Bhubaneswar,Exp,7,
12725/12726,KSR Bengaluru,Dharwad,Siddhaganga,19,,Central,,,,
12727/12728,Visakhapatnam,Hyderabad,Godavari,30,12831/12832,Dhanbad,Bhubaneswar,Garib Rath,78,
12731/12732,Tirupati,Secunderabad,Exp,31,12833/12834,Ahmedabad,Howrah,Exp,34,
12733/12734,Tirupati,Lingampalli,Narayanadri,71,12835/12836,Hatia,SMVT Bengaluru,Exp,"20,40",
12735/12736,Secunderabad,Yesvantpur,Garib Rath,9,12837/12838,Howrah,Puri,Exp,7,TAG-26
,,,,,13,,,,,
,Train,From,To,Train,Table,Train,From,To,Train,Table
,No.,station,station,Name,No.,No.,station,station,Name,No.
,12839/12840,Howrah,MGR Chennai Central,Mail,7,12949/12950,Porbandar,Santragachi,Kavi Guru,"34,87"
,12841/12842,Howrah,MGR Chennai Central,Coromandel,7,12951/12952,Mumbai Central,New Delhi,Tejas Rajdhani,3
,12843/12844,Puri,Ahmedabad,Exp,"34,46",12953/12954,Mumbai Central,H. Nizamuddin,Tejas August Kranti,3
,12845/12846,Bhubaneswar,SMVT Bengaluru,Exp,"20,29",,,,Rajdhani,
,,,,,,12955/12956,Mumbai Central,Jaipur,Exp,3
,12847/12848,Howrah,Digha,Super AC,87,,,,,
,,,,,,12957/12958,Sabarmati,New Delhi,Swarna Jayanti,23
,12849/12850,Bilaspur,Pune,Exp,"5,44",,,,,
,,,,,,,,,Rajdhani,
,12851/12852,Bilaspur,MGR Chennai Central,Exp,"42,8",,,,,
,,,,,,12959/12960,Bandra (T),Bhuj,Exp,11
,12853/12854,Durg,Bhopal,Amarkantak,43,,,,,
,,,,,,12961/12962,Mumbai Central,Indore,Avantika,3
,12855/12856,Bilaspur,NSCB Itwari,Intercity,5,12963/12964,H. Nizamuddin,Udaipur City,Mewar,"3,54"
,12857/12858,Howrah,Digha,Tamralipta,87,12965/12966,Bandra Terminus,New Bhuj,Exp,11
,12859/12860,Chhatrapati Shivaji,Howrah,Gitanjali,5,12967/12968,MGR Chennai Central,Jaipur,Exp,"3,8"
,,Maharaj (T),,,,,,,,
,,,,,,12969/12970,Coimbatore,Jaipur,Exp,"3,8,86"
,12861/12862,Visakhapatnam,Mahbubnagar,S.Fast,30,,,,,
,,,,,,12971/12972,Bandra (T),Bhavnagar,Exp,11
,12863/12864,Howrah,SMVT Bengaluru,Exp,29,,,,,
,,,,,,12973/12974,Indore,Jaipur,Exp,3
,12867/12868,Howrah,Puducherry,Exp,"7,21",,,,,
,,,,,,12975/12976,Mysuru,Jaipur,Exp,"3,9,52"
,12869/12870,Chhatrapati Shivaji,Howrah,Exp,5,,,,,
,,,,,,12977/12978,Ernakulam Jn,Ajmer,Marusagar,"3,23,26"
,,Maharaj (T),,,,,,,,
,,,,,,12979/12980,Bandra (T),Jaipur,Exp,3
,12871/12872,Howrah,Titlaqarh,Ispat,5,,,,,
,,,,,,12981/12982,Jaipur,Asarva,Exp,54
,12873/12874,Hatia (via Barkakana),Anand Vihar (T),Jharkhand Swarna,41,,,,,
,,,,Jayanti,,12983/12984,Ajmer,Chandigarh,Garib Rath,"23,27,80"
,12875/12876,Puri,Anand Vihar (T),Neelnchal,32,12985/12986,Jaipur,Delhi Sarai Rohilla,AC Double Decker,23
,12877/12878,Ranchi,New Delhi,Garib Rath,41,12987/12988,Sealdah,Ajmer,Exp,"23,65"
,12879/12880,Lokmanya Tilak (T),Bhubaneswar,Exp,5.78,12989/12990,Dadar,Ajmer,Exp,"11,23"
,12881/12882,Puri,Shalimar,Garib Rath,7,12991/12992,Udaipur City,Jaipur,Exp,54
,12883/12884,Santragachi/Howrah,Purulia,Rupasi Banqla,87,12993/12994,Gandhidham,Puri,Exp,"34,78"
,12885/12886,Shalimar,Bhojudih,Aranyak,87,,,,,
,,,,,,12995/12996,Bandra Terminus,Ajmer,Exp,"3,54"
,12887/12888,Puri,Shalimar,Exp,7,,,,,
,,,,,,12997/12998,Bandra Terminus,Barmer,Exp,"11,23"
,12889/12890,Tatanagar,SMVT Bengaluru,Exp,"20,40",,,,,
,,,,,,13005/13006,Howrah,Amritsar,Mail,12
,12891/12892*,Bangriposi,Puri,Exp,32,,,,,
,,,,,,13009/13010,Howrah,Yog Nagri Rishikesh,Doon,12
,12893/12894,Bhubaneswar,Purunakatak,Intercity Exp,"40,78",,,,,
,,,,,,13011/13012,Howrah,Malda Town,Intercity,14
,12895/12896,Puri,Shalimar,Exp,7,13015/13016,Howrah,Jamalpur,Kaviguru Exp,14
,20852/20851,Puducherry,Bhubaneswar,Exp,"7,21",13017/13018,Howrah,Azimganj,Ganadevta,14
,12901/12902,Dadar,Ahmedabad,Gujarat Mail,11,13019/13020,Howrah,Kathgodam,Bagh,"22,37"
,12903/12904,Bandra (T),Amritsar,Golden Temple Mail,"3,15",13021/13022,Howrah,Raxaul,Mithila,"37,64"
,12905/12906,Porbandar,Shalimar,Exp,34,13023/13024,Howrah,Gaya,Exp,1
,12907/12908,Bandra (T),H. Nizamuddin,Maharashtra Sam,3,13025/13026,Howrah,Bhopal,Exp,73
,,,,park Kranti,,,,,,
,,,,,,13027/13028,Howrah,Azimganj,Kavi Guru,14
,12909/12910,Bandra (T),H. Nizamuddin,Garib Rath,3,,,,,
,,,,,,13029/13030,Howrah,Mokama,Exp,1
,12911/12912,Valsad,Haridwar,Exp,"3,75",,,,,
,,,,,,13031/13032,Howrah,Jaynagar,Exp,37
,12913/12914,Indore,Nagpur,Tri Shatabdi,8,,,,,
,,,,,,13033/13034,Howrah,Katihar,Exp,14
,12915/12916,Sabarmati,Delhi,Ashram,23,,,,,
,,,,,,13043/13044,Howrah,Raxaul,Exp,37
,12917/12918,Ahmedabad,H. Nizamuddin,Gujarat Sam park,3,,,,,
,,,,Kranti,,13045/13046,Howrah,Deoghar,Mayurakshi Exp,36
,12919/12920,Dr. Ambedkar Nagar,Sri Mata Vaishno Devi,Malwa,"4,16",13053/13054,Howrah,Radhikapur,Kulik Exp,14
,,,Katra,,,13063/13064,Howrah,Balurghat,Exp,14
,12921/12922,Mumbai Central,Surat,Flying Ranee,11,13071/13072,Howrah,Jamalpur,Exp,1
,12923/12924,Dr Ambedkar Nagar,Nagpur,Exp,8,13103/13104,Sealdah,Lal Gola,Bhaqirathi,14
,12925/12926,Bandra (T),Amritsar,Paschim Exp,"3,15,27",13105/13106,Sealdah,Ballia,Exp,37
,12927/12928,Dadar,Ekta Nagar,Exp,11,13113/13114,Kolkata,Lalgola,Hazarduari,14
,12929/12930,Valsad,Vadodara,Exp,3,13115/13116,Sealdah,Jalpaiguri Road,Humsafar Exp,14
,12931/12932,Mumbai Central,Ahmedabad,AC Double Decker,11,13117/13118,Kolkata,Lalgola,Exp,14
,12933/12934,Mumbai Central,Ahmedabad,Karnavati,11,13121/13122,Kolkata,Ghazipur City,Exp,"1,22"
,12935/12936,Bandra (T),Surat,Exp,11,13125/13126,Kolkata,Sairang,Exp,"14, 83"
,12937/12938,Gandhidham,Howrah,Garbha,"3,11,65",13127/13128,Kolkata,Ara,Garibrath Exp,1
,12939/12940,Pune,Jaipur,Exp,"3,31",13131/13132,New Jalpaigudi,Haldibari,Mitali Exp,14
,12941/12942,Bhavnagar,Asansol,Parasnath,"3,33,65,76",13135/13136,Kolkata,Jaynagar,Exp,37
,12943/12944,Valsad,Kanpur Central,Udhyog Karmik,"24,35",13137/13138,Kolkata,Azamgarh,Exp,37
,12945/12946,Veraval,Banaras,Exp,"1,3,11",13141/13142,Sealdah,New Alipurduar,Teesta Torsha,14
TAG-26,12947/12948,Ahmedabad,Rajgir,Azimabad Exp,"1,3",13145/13146,Kolkata,Radhikapur,Exp,14
* Will be renumbered as 18401/18402 w.e.f. 01-02-2026.,,,,,,,,,,
,,,,,14,,,,,
Train,From,To,Train,Table,Train,From,To,Train,Table,
No.,station,station,Name,No.,No.,station,station,Name,No.,
13147/13148,Sealdah,Bamanhat,Uttarbanga Exp,14,13401/13402,Bhagalpur,Danapur,Intercity,93,
13149/13150,Sealdah,Alipurduar Jn.,Kanchan Kanya,"14,74",13403/13404,Ranchi,Bhagalpur,Vananchal,36,
13151/13152,Kolkata,Jammu Tawi,Exp,12,13409/13410,Malda Town,Kiul,Exp,93,
13153/13154,Sealdah,Malda Town,Gour,14,13415/13416,Malda Town,Patna,Exp,93,
13155/13156,Kolkata,Sitamarhi,Mithilanchal,37,13417/13418,Digha,Malda Town,Exp,"14,87",
13157/13158,Kolkata,Muzaffarpur,Tirhut,37,13419/13420,Bhagalpur,Muzaffarpur,Jan Sewa,50,
13159/13160,Kolkata,Jogbani,Exp,14,13421/13422,Nabadwipdham,Malda Town,Exp,14,
13161/13162,Kolkata,Balurghat,Tebhaga,14,13423/13424,Bhagalpur,Ajmer,Humsafar,"24,72",
13163/13164,Sealdah,Saharsa,Haley Bazare,14,13425/13426,Malda Town,Surat,Exp,"73,34",
13165/13166,Kolkata,Sitamarhi,Exp,37,13427/13428,Sahibganj,Howrah,Intercity,1A,
13167/13168,Kolkata,Agra Cantt,Exp,"12,65",13429/13430,Malda Town,Anand Vihar (T),Exp,"18,25,67,93",
13169/13170,Sealdah,Sahara,Hater Bazare via,"14,90",13431/13432,Nabadwip,Balurghat,Exp,14,
,,,Purnea,,13433/13434,Malda Town,SMVT Bengluru,Amrit Bharat,29,
13173/13174,Sealdah,Sabroom,Kanchanjunga Exp,"14,83",13435/13436,Malda Town,Gomtinagar,Amrit Bharat,"18,22,67",
13175/13176,Sealdah,Silchar,Kanchanjunga Exp,"14,83",13465/13466,Howrah,Malda Town,Intercity,14,
13177/13178,Sealdah,Jangipur Road,Memu Exp,14,13503/13504,Barddhaman,Hatia,Exp,73,
13179/13180,Sealdah,Siuri,Memu Exp,92,13505/13506,Digha,Asansol,Exp,87,
13181/13182,Kolkatta,Silghat Town,Kaziranga Exp,"14,74",13507/13508,Asansol,Gorakhpur,Exp,37,
13185/13186,Sealdah,Jaynagar,Ganga Sagar,37,13509/13510,Asansol,Gonda,Exp,37,
13187/13188,Sealdah,Rampurhat,Exp,14,13511/13512,Tatanagar,Asansol,Exp,87,
13189/13190,Sealdah,Balurghat,Exp,14,13513/13514,Asansol,Hatia,Exp,36,
13201/13202,Rajgir,Lokmanya Tilak (T),Janta Exp,24,13545/13546,Asansol,Gaya,Exp,1,
13205/13206,Patliputra,Purnea Court,Janhit,90,13553/13554,Asansol,Varanasi,Exp,1,
13207/13208,Patna,Jasidih,Exp,1,13697/13698,Gaya,Delhi,Amrit Bharat,"1, 1A",
13209/13210,Patna,Pt. Din Dayaal,Exp,1,14001/14002,Delhi,Atari,Exp,15,
,,Upadhyay,,,,,,,,
,,,,,14003/14004,Malda Town,New Delhi,Exp,18,
13211/13212,Jogbani,Danapur,Exp,"18,90",14005/14006,Sitamarhi,Anand Vihar (T),Lichchavi,"22,63",
13213/13214,Sahrsa,Jogbani,Exp,90,14007/14008,Raxaul,Anand Vihar (T),Sadhbhavana,"22,25",
13225/13226,Jaynagar,Ara,Exp,90,14009/14010,Anand Vihar (T),Bapudham Motihari,Champaran,"22,64",
13227/13228,Rajendra Nagar,Saharsa,Exp,90,,,,Satyagrah,,
13229/13230,Rajendra Nagar,Godda,Exp,1,14011/14012,Radhikapur,Anand Vihar (T),Exp.,"14,22,64",
13233/13234,Danapur,Koderma,Intercity Exp,67,14013/14014,Sultanpur,Anand Vihar (T),Sadhbhavana,25,
13235/13236,Sahibganj,Danapur,Intercity,93,14015/14016,Raxaul,Anand Vihar (T),Sadhbhavana,"22,25,64",
13237/13238,Patna,Kota (via Ayodhya,Exp,"3,79",14017/14018,Raxaul,Anand Vihar (T),Sadhbhavana,"22,25",
,,Cantt),,,14023/14024,Delhi,Kurukshetra,Exp,16,
13239/13240,Patna,Kota (via Sultanpur),Exp,"3,79",14027/14028,Jind,Firozpur Cantt.,Exp,39,
13241/13242,Banka,Rajendra Nagar,Exp,24,14029/14030,Shri Ganganagar,Delhi/Meerut Cantt.,Exp,39,
13243/13244,Patna,Bhabua Road,Intercity,48,14035/14036,Delhi Sarai Rohilla,Pathankot,Dhauladhar,16,
13245/13246,New Jalpaiguri,Ara,Capital Exp.,18,14037/14038,New Delhi,Silchar,Poorvottar Sampark,"18,83",
13247/13248,Kamakhya,Ara,Capital Exp.,"18,74",,,,Kranti,,
13249/13250,Patna,Bhabua Road,Intercity,24,14341/14342,Delhi,Dehradun,Mussoorie,75,
13251/13252,Patna,Anand Vihar (T),Exp,"1,1A",14047/14048,Sitamarhi,Delhi,Amrit Bharat,"22,22A",
13257/13258,Danapur,Anand Vihar (T),Jansadharan,"1,18",14049/14050,Godda,Delhi,Exp,1,
13281/13282,Dibrugarh,Rajendra Nagar,Exp,"18,66,74",14053/14054,Delhi,Daulatpur Chowk,Himachal Exp,16,
13287/13288,Durg,Ara,South Bihar,36,14085/14086,Tilak Bridge,Sirsa,Haryana,39,
13301/13302,Dhanbad,Tatanagar,Suvarna Rekha,87,14087/14088,Delhi,Jaisalmer,Runicha Exp,23,
13303/13304,Dhanbad,Ranchi,Intercity,36,14089/14090,Anand Vihar,Kotdwara,Exp,75,
13305/13306,Dhanbad,Dehri On Sone,Intercity,1,14101/14102,Prayagraj Sangam,Kanpur Central,Exp,1,
13307/13308,Dhanbad,Firozpur Cantt.,Ganga Sutlei,12,14109/14110,Kanpur Central,Chitrakootdham Karvi,Exp,57,
13309/13310,Chopan,Prayagraj,Exp,25,14111/14112,Muzaffarpur,Prayagraj,Bapudham Exp,"63, 64",
13319/13320,Dumka,Ranchi,Exp,36,14113/14114,Subedarganj,Dehradun,Exp,68,
13329/13330,Dhanbad,Patna,Ganga Damodar,36,14115/14116,Dr Ambedkar Nagar,Prayagraj,Exp,65,
13331/13332,Dhanbad,Patna,Exp,36,14117/14118,Prayagraj,Bhiwani,Kalindi,"25,39",
13333/13334,Dumka,Patna,Exp,1,14119/14120,Kathgodam,Dehradun,Exp,"13,55",
13343/13344,Shakti Nagar,Varanasi,Memu Exp,25,14123/14124,Maa Belha Devi,Kanpur Central,Exp,25,
13345/13346,Singrauli,Varanasi,Memu Exp,25,,Dham Pratapgarh,,,,
13347/13348,Barkakana,Patna,Palamau,48,14151/14152,Kanpur Central,Anand Vihar (T),Exp,25,
13349/13350,Singrauli,Patna,Exp,48,14163/14164,Subedarganj,Meerut City,Sangam,68,
13351/13352,Dhanbad,Alappuzha,Exp,40,14201/14202,Jaunpur,Rae Bareli,Exp,25,TAG-26
,,,,,15,,,,,
,Train,From,To,Train,Table,Train,From,To,Train,Table
,No.,station,station,Name,No.,No.,station,station,Name,No.
,14205/14206,Ayodhya Cantt,Delhi,Ayodhya Exp,25,14679/14680,Delhi,Amritsar,Intercity Exp,15
,14207/14208,Maa Belha Devi,Delhi,Padmavat,25,14681/14682,Delhi,Jalandhar,Intercity Exp,16
,,Dham Pratapgarh,,,14691/14692,Baruani,Jammu Tavi,Mourdhwaj Exp,13,
,14209/14210,Prayagraj Sangam,Lucknow,Intercity,25,14701/14702,Sri Ganga Nagar,Bandra (T),Aravali,"11,23,77"
,14211/14212,Agra Cantt.,New Delhi,Intercity,2,14703/14704,Jaisalmer,Lalgarh (via Phalodi),Kotayat,59
,14213/14214,Varanasi,Bahraich,Intercity,81,14705/14706,Bhiwani,Dahar Ka Balaji,Exp,80
,14215/14216,Prayagraj Sangam,Lucknow,Ganga Gomti,25,14707/14708,Hanumangarh,Dadar,Ranakpur,"11, 23, 45"
,14217/14218,Prayagraj Sangam,Chandigarh,Unchahar,"1,27",14713/14714,Sikar,Delhi Sarai Rohilla,Exp,59
,14223/14224,Varanasi,Rajgir,Budh Purnima,67,14715/14716,Hisar,Jaipur,Exp,80
,14229/14230,Prayagraj Sangam,Haridwar,Exp,88,14717/14718,Bikaner,Haridwar,Exp,"16,39,75"
,14231/14232,Prayagraj Sangam,Basti,Manwar Sangam,81,14719/14720,Bikaner,Amritsar,Exp,"39,80"
,,,,Exp.,,,,,,
,,,,,14721/14722,Jodhpur,Bathinda,Exp,51,
,14233/14234,Prayagraj Sangam,Mankapur,Saryu Exp,"25,81",,,,,
,,,,,14725/14726,Bhiwani,Mathura,Exp,80,
,14235/14236,Varanasi,Bareilly,Exp,25,,,,,
,,,,,14727/14728,Shri Ganganagar,Tilak Bridge,Exp,59,
,14241/14242,Prayagraj Sangam,Saharanpur,Exp,88,,,,,
,,,,,14729/14730,Rewari,Fazilka,Exp,39,
,14259/14260,Lucknow,Gaya,Ekatmata,12,,,,,
,,,,,14731/14732,Delhi,Bathinda,Kisan,39,
,14261/14262,Lucknow,Gaya,Ekatmata,12,,,,,
,,,,,14733/14734,Bhatinda,Jaipur,Exp,80,
,14303/14304,Delhi,Haridwar,Exp,75,,,,,
,,,,,14735/14736,Shri Ganganagar,Ambala Cantt.,Exp,45,
,14305/14306,Delhi,Haridwar,Exp,75,,,,,
,,,,,14737/14738,Bhiwani,Tilak Bridge,Exp,39,
,14307/14308,Prayag,Bareilly,Exp,25,,,,,
,,,,,14795/14796,Bhiwani,Kalka,Ekta,27,
,14309/14310,Laxmibai Nagar,Yog Nagri Rishikesh,Ujjaini Exp,"4,75",,,,,
,,,,,14801/14802,Jodhour,Indore,Exp,"23,54",
,14311/14312,Bareilly,Bhuj (via Ahmedabad),Ala Hazrat,"11,23,55",,,,,
,,,,,14803/14804,Bhagat ki Kothi,Jammu Tavi,Exp,"51, 59",
,14313/14314,Lokmanya Tilak (T),Bareilly,Exp,"2,55",,,,,
,,,,,14805/14806,Yesvantpur,Barmer,Exp,"19,23,31",
,14315/14316,Bareilly,New Delhi,Intercity,55,,,,,
,,,,,14807/14808,Bhagat Ki Kothi,Dadar,Exp,"11,23",
,14317/14318,Laxmibai Nagar,Yog Nagri Rishikesh,Exp,"4,75",,,,,
,,,,,14813/14814,Jodhpur,Bhopal,Exp,"28,72",
,14319/14320,Indore,Bareilly,Exp,"2,4,55",,,,,
,,,,,14815/14816,Shri Ganganagar,Rishikesh,Exp,"45,75",
,14321/14322,Bareilly,Bhuj (via Bhildi),Ala Hazrat,"11,23,55",,,,,
,,,,,14821/14822,Jodhpur,Sabarmati,Exp,23,
,14323/14324,New Delhi,Rohtak,Exp,16,,,,,
,,,,,14823/14824,Jodhpur,Rewari,Exp,59,
,14331/14332,Delhi,Kalka,Exp,27,,,,,
,,,,,14853/14854,Varanasi City,Jodhpur ,Marudhar,79,
,14503/14504,Kalka,Shri Mata Vaishno,Exp,"16,27",,,,,
,,,,,,,(via Ayodhya Cantt),,,
,,,Devi Katra,,,,,,,
,,,,,14863/14864,Varanasi City,Jodhpur ,Marudhar,79,
,14505/14506,Nangal Dam,Amritsar,Exp,15,,,,,
,,,,,,,(via Sultan pur),,,
,14507/14508,Delhi,Fazilka,Exp,"16,45",,,,,
,,,,,14865/14866,Varanasi City,Jodhpur (via Rae Bareli),Marudhar,79,
,14509/14510,Dhuri,Bathinda,Exp,45,,,,,
,,,,,14887/14888,Rishikesh,Barmer,Exp,45,
,14521/14522,Delhi,Ambala Cantt.,Exp,15,,,,,
,,,,,14889/14890,Bhagat ki Kothi,Munabao,Link,45,
,14523/14524,Barauni,Ambala Cantt.,Harihar,"22,88",,,,,
,,,,,,(Jodhpur),,,,
,14525/14526,Ambala Cantt.,Sri GangaNagar,Intercity,45,,,,,
,,,,,14891/14892,Jodhpur,Hisar,DMU Exp,59,
,14527/14528,Batinda,Sri GangaNagar,Exp,39,,,,,
,,,,,14893/14894,Jodhpur,Palanpur,DMU Exp,23,
,14541/14542,Chandigarh,Amritsar,Exp,15,,,,,
,,,,,14895/14896,Jodhpur,Barmer,DMU Exp,23,
,14545/14546,Saharanpur,Delhi,Exp,84,,,,,
,,,,,14897/14898,Bikaner,Hisar,DMU Exp,59,
,14601/14602,Firozpur,Hanuman Garh,Exp,39,,,,,
,,,,,15001/15002,Muzaffarpur,Dehradun,Exp,"13,64",
,14603/14604,Narpatganj,Amritsar,Jan Sadharan,13,,,,,
,,,,,15003/15004,Kanpur Anwarganj,Gorakhpur,Chauri Chaura,63,
,14605/14606,Haridwar,Jammu Tawi,Exp,12,,,,,
,,,,,15005/15006,Gorakhpur,Dehradun,Exp,13,
,14609/14610,Rishikesh,Shri Mata Vaishno,Hemkunt,12,,,,,
,,,,,15007/15008,Varanasi City,Lucknow,Krishak,"22,63",
,,,Devi Katra,,,,,,,
,,,,,15009/15010,Gorakhpur,Izzatnagar,Exp,38,
,14611/14612,Shri Mata Vaishno,Ghazipur City,Exp,12,,,,,
,,Devi Katra,,,15011/15012,Lucknow,Chandigarh,Exp,88,
,14613/14614,Firozpur,SAS Nagar Mohali,Exp,15,15013/15014,Jaisalmer,Kathgodam,Ranikhet,"23,55"
,14615/14616,Lalkuan,Amritsar,Exp,"12,55",15015/15016,Amritsar,Lalkuan,Exp,"12,55"
,14617/14618,Amritsar,Purnea Court,Jan Sewa,"13,22",15017/15018,Lokmanya Tilak (T),Gorakhpur,Kashi,"6,63"
,14619/14620,Agartala,Firozpur Cantt.,Exp,"18,39,83",15019/15020,Tanakpur,Dehradun,Exp,"12,55"
,14621/14622,Nanded,Firozpur Cantt.,Exp,"4,53",15021/15022,Shalimar,Gorakhpur,Exp,"32,63"
,14625/14626,Haridwar,Firozpur Cantt.,Exp,"39, 45",15023/15024,Gorakhpur,Yesvantpur,Exp,"9,35,52"
,14627/14628,Chheharta,Saharsa,Amrit Bharat,"12,22,64,90",15025/15026,Mau,Anand Vihar (T),Exp,25
,14629/14630,Firozpur,Chandigarh,Sutlej,80,15027/15028,Sambalpur,Gorakhpur,Maurya,"36,37"
,14631/14632,Dehradun,Amritsar,Exp,12,15029/15030,Gorakhpur,Pune,Exp,"35,44"
,14633/14634,Amritsar,Pathankot,Ravi,51,15031/15032,Gorakhpur,Lucknow,Intercity,22
,14649/14650,Jaynagar,Amritsar,Saryu Yamuna,"15,22,25",15033/15034,Pattiputra,Lucknow Jn,Exp,22
TAG-26,14653/14654,Hisar,Amritsar,Exp,80,15035/15036,Delhi,Kathgodam,Uttaranchal,55
,14661/14662,Barmer,Jammu Tawi,Shalimar,"16,23",,,Sampark Kranti,,
,14673/14674,Jaynagar,Amritsar,Shaheed,"15,22",15037/15038,Kanpur Anwarganj,Kasganj,Exp,82
,,,,,16,,,,,
Train,From,To,Train,Table,Train,From,To,Train,Table,
No.,station,station,Name,No.,No.,station,station,Name,No.,
15039/15040,Kanpur Anwarganj,Kasgani,Exp,82,15417/15418,Alipurduar Jn,Silghat Town,Rajya Rani,74,
15043/15044,Lucknow,Kothgodam,Exp,22,15463/15464,Balurghat,New Jalpaiguri,Exp,14,
15045/15046,Gorakhpur,Okha,Exp,"11,33",15467/15468,Siliguri,Bamanhat,Exp,74,
15047/15048,Kolkata,Gorakhpur,Purvanchal,37,15483/15484,Alipurduar,Delhi,Sikkim Mahananda,"1,18,74",
15049/15050,Kolkata,Gorakhpur,Exp,"37,63",15501/15502,Raxaul,Jogbani,Exp,64,
15051/15052,Kolkata,Gorakhpur,Exp,"37,64",15503/15504,Saharsa,Patna,Rajyarani Exp,90,
15053/15054,Chhapra,Gomti Nagar.,Exp,33,15505/15506,Saharsa,Patliputra,Exp,90,
15055/15056,Agra Fort,Ramnagar,Exp,82,15507/15508,Darbhanga,Patliputra,Intercity,37,
15057/15058,Gorakhpur,Anand Vihar,Exp,22,15509/15510,Lalitgram,Patna,Rajyarani Exp,90,
15059/15060,Anand Vihar (T),Lalkaun,Intercity,55,15515/15516,Narkatiaganj,Danapur,Exp,64,
15061/15062,Kasganj,Lalkuan,Exp,82,15527/15528,Jaynagar,Patna,Kamla Ganga Exp,90,
15063/15064,Ram Nagar,Chandigarh,Exp,"13,55",15529/15530,Saharsa,Anand Vihar (T),Jansadharan,"64,22",
15065/15066,Gorakhpur,Panvel,Exp,"38,35",15531/15532,Saharsa,Amritsar,Jansadharan,13,
15067/15068,Gorakhpur,Bandra (T),Exp,"24,35,38",15549/15550,Jaynagar,Patna,Intercity,90,
15069/15070,Gorakhpur,Aishbagh,Exp,38,15551/15552,Darbhanga,Banaras City,Antodaya Exp,22,
15071/15072,Lucknow Jn.,Mau,Exp,25,15553/15554,Jaynagar,Bhagalpur,Exp,90,
15073/15074,Singrauli,Tanakpur,Triveni,"25,55",15555/15556,Patliputra,Bapudham Motihari,Intercity Exp,64,
15075/15076,Shakthinagar,Tanakpur,Triveni,55,15557/15558,Darbhanga,Anand Vihar (T),Amrit Bharat,22,
15077/15078,Gomti Nagar,Kamakhya,Exp,13,15559/15560,Darbhanga,Ahmedabad,Antodaya,"3,6,22,32,34",
15079/15080,Gorakhpur,Patliputra,Exp,82,15561/15562,Darbhanga,Gomitnagar,Amrit Bharat,"22, 64",
15081/15082,Gomti Nagar,Nakaha Jungal,Exp,38,15565/15566,Lalitgram,New Delhi,Vaishali,22,
15083/15084,Chhapra,Farrukhabad,Exp,33,15567/15568,Bapudham Motihari,Anand Vihar (T),Amrit Bharat,"22, 64",
15089/15090,Gomtinagar,Godda,Exp,18,15589/15590,Muzaffarpur,Hadapsar,Exp,"6,6A,22",
15091/15092,Daurai,Tankapur,Exp,"23, 55",15601/15602,Dhubri,Guwahati,Exp,74,
15097/15098,Bhagalpur,Jammu Tawi,Amarnath,13,15603/15604,Guwahati,Ledo,Intercity,66,
15103/15104,Gorakhpur,Banaras,Exp,63,15609/15610,Guwahati,Sairang,Exp,"83, 83A",
15105/15106,Chhapra,Nautanua,Intercity,22,15611/15612,Rangiya,Silchar,Exp,83,
15107/15108,Banaras,Lucknow,Exp,12,15613/15614,Kamakhya,Murkongselek,Lachit Exp,62,
15109 /15110,Chhapra,Mathura,Exp,22,15615/15616,Guwahati,Silchar,Exp,83,
15111/15112,Chhapra,Varanasi City,Intercity,"37,63",15617/15618,Guwahati,Dullabchera,Exp,83,
15113/15114,Chhapra,Lucknow Jn.,Exp,82,15619/15620,Gaya,Kamakhya,Exp,93,
15115/15116,Chhapra,Delhi,Lok Nayak,22,15621/15622,Kamakhya,Anand Vihar (T),Exp,"13,18,74",
15117/15118,Banaras,Lucknow,Exp,22,15623/15624,Bhagat Ki Kothi,Kamakhya,Exp,"18,59",
15119/15120,Banaras,Dehradun,Exp,12,,,,,,
,,,,,15625/15626,Agartala,Deoghar,Exp,"18,83",
15125/15126,Banaras,Patna,Jan Shatabdi,17,,,,,,
,,,,,15629/15630,Tambaram,Silghat Town,Nagaon Exp,"29,74",
15127/15128,Banaras,New Delhi,Kashi Vishwanath,25,,,,,,
,,,,,15631/15632,Barmer,Guwahati,Exp,"18,28",
15129/15130,Gorakhpur,Varanasi City,Exp,63,,,,,,
,,,,,15633/15634,Bikaner,Guwahati,Exp,"18,28",
15131/15132,Gorakhpur,Varanasi City,Exp,63,,,,,,
,,,,,15635/15636,Okha,Guwahati,Dwarka,"3,11,18",
15133/15134,Chhapra,Anand Vihar (T),Amrit Bharat,"22, 22A",,,,,,
,,,,,15639/15640,Puri,Kamakhya,Exp,29,
15135/15136,Chhapra,Amritsar,Exp,13,,,,,,
,,,,,15641/15642,Silchar,New Tinsukia,Barak Brahmaputra,"14,66,83",
15159/15160,Chhapra,Durg,Sarnath,81,,,,,,
,,,,,15643/15644,Puri,Kamakhya,Exp,"29,74",
15181/15182,Mau,Lokmanya Tilak,Exp,"6,63",,,,,,
,,,,,15647/15648,Lokmanya Tilak (T),Guwahati,Exp,"18,24",
15201/15202,Patliputra,Bagha,Intercity,64,,,,,,
,,,,,15651/15652,Guwahati,Jammu Tawi,Lohit,13,
15203/15204,Barauni,Lucknow,Exp,22,,,,,,
,,,,,15653/15654,Guwahati,Jammu Tawi,Amarnath,"13,64",
15205/15206,Lucknow Jn.,Madan Mahal,Exp,57,,,,,,
15211/15212,Darbhanga,Amritsar,Jan Nayak,"13,22,64",15655/15656,Kamakhya,Shri Mata Vaishno,Exp,"13,64",
,,,,,,,Devi Katra,,,
15215/15216,Muzaffarpur,Narkatiaganj,Exp,64,,,,,,
,,,,,15657/15658,Kamakhya,Delhi,Brahmaputra Mail,"1,18",
15227/15228,SMVT Bengaluru,Muzaffarpur,Exp,"20,22,29",,,,,,
,,,,,15661/15662,Ranchi,Kamakhya,Exp,"29,73,74",
15231/15232,Barauni,Gondia,Exp,"5,81",,,,,,
15233/15234,Kolkata,Darbhanga,Exp,37,15663/15664,Agartala,Silchar,Exp,83,
15235/15236,Darbhanga,Howrah,Exp,37,15665/15666,Kamakhya,Mariani,Exp,66,
15267/15268,Raxaul,Lokmanya Tilak (T),Antyodaya,"6,22,64",15667/15668,Gandhidham,Kamakhya,Exp,"3,11,18,33",
15269/15270,Muzaffarpur,Sabarmati,Exp,"22,23,33",15669/15670,Guwahati,Dibrugarh Town,Exp,66,
15271/15272,Howrah,Muzaffarpur,Jan Sadharan,37,15701/15702,Katihar,Siliguri,Exp,93,
15273/15274,Raxaul,Anand Vihar (T),SatyAgraha,"22,64",15703/15704,New Jalpaiguri,Bongaigaon,Exp,18,
15279/15280,Saharsa,Anand Vihar (T),Poorabiya,22,15705/15706,Katihar,Delhi,Champaran,"22,38,64,90",
15283/15284,Manihari,Jaynagar,Janki,90,,,,Humsafar,,
15293/15294,Muzaffarpur,Charalapalli,Amrit Bharat,"17,17A,64",15707/15708,Katihar,Amritsar,Exp,"15,22",TAG-26
,,,,,17,,,,,
Train,From,To,Train,Table,Train,From,To,Train,Table
No.,station,station,Name,No.,No.,station,station,Name,No.
15709/15710,New Jalpaiguri,Malda Town,Exp,14,16207/16208,Yesvantpur,Mysuru,Exp,19
15711/15712,Howrah,Katihar,Exp,14,16209/16210,Ajmer,Mysuru,Exp,"11,19,23"
15713/15714,Katihar,Patna,Intercity,90,16211/16212,Yesvantpur,Salem,Exp,69
15715/15716,Kishanganj,Ajmer,Garib Nawaz,"18,23,25",16213/16214,Arsikere,SSS Hubballi,Exp,19
15719/15720,Katihar,Siliguri,Intercity,93,16215/16216,Mysuru,KSR Bengaluru,Chamundi,20
15721/15722,Digha,New Jalpaiguri,Paharia,14,16217/16218,Mysuru,Sai Nagar Shirdi,Exp,"10,60,19"
15723/15724,Jogbani,Siliguri Town,Exp,18,16219/16220,Chamarajanagar,Tirupati,Exp,20
15733/15734,Balurghat,Bhatinda,Farakka,"1,14,25,39",16221/16222,Talaguppa,Mysuru,Kuvempu,19
15743/15744,Balurghat,Bhatinda,Farakka,"1,14,25,39",16225/16226,Mysuru,Shivamogga Town,Exp,19
15753/15754,Alipur Duar,Guwahati,Exp,74,16227/16228,Mysuru,Talguppa via SBC,Exp,19
15767/15768,Siliguri,Alipurduar Jn.,Intercity,74,16231/16232,Cuddalore Port,Mysuru,Exp,69
15769/15770,Alipurduar Jn.,Lumding,Intercity,"14,66",16833/16834,Mayiladuturai,Tiruchchirappalli,Exp,69
15777/15778,New Jalpaiguri,Alipurduar,Tourist Exp,74,16235/16236,Tuticorin,Mysuru,Exp,69
15813/15814,Dekargaon,Murkongselek,Exp,62,16239/16240,Chikkamagaluru,Yesvantpur,Exp,19
15815/15816,Guwahati,Dekargaon,Intercity,62,16301/16302,Shoranur,Thiruvananthapuram,Venad,85
15817/15818,Sukhovi,Naharlagun,Donyi Polo,62,,,Central,,
15888/15887,Guwahati,Badarpur,Exp,83,16303/16304,Ernakulam Jn,Thiruvananthapuram,Vanchinad,85
15895/15896,Rangiya,Murkongselek,Exp,62,,,Central,,
15901/15902,Lumding,Tinsukia,Exp,66,16305/16306,Ernakulam Jn,Kannur,Intercity,85
15903/15904,Dibrugarh,Chandigarh,Exp,"13,66,88",16307/16308,Alappuzha,Kannur,Exp,85
15907/15908,Tinsukhia,Naharlagun,Intercity,61,16309/16310,Ernakulam Jn,Kayamkulam Jn,Exp,85
15909/15910,Dibrugarh,Lalgarh,Avadh Assam,"18,22,39,66",16311/16312,Thiruvanthapuram North,Sri Ganga Nagar,Exp,"39,23,26"
15911/15912,Tinsukia,Naharlagun,Exp,61,16315/16316,Mysuru,Thiruvanthapuram,Exp,86
15925/15926,Deoghar,Dibrugarh,Exp,"18,62",,,North,,
15927/15928,Rangiya,New Tinsukia,Exp,66,16317/16318,Kanniyakumari,Shri Mata Vaishno,Himsagar,"8,16,86"
,,,,,,,Devi Katra,,
15929/15930,Tambaram,New Tinsukia,Exp,"29,66",,,,,
,,,,,16319/16320,Thiruvanthapuram,SMVT Bengaluru,Humsafar,86
15933/15934,New Tinsukia,Amritsar,Exp,"13,66",,,,,
,,,,,,North,,,
15945/15946,Dibrugarh,Lokmanya Tilak (T),Exp,"18,24,66",,,,,
,,,,,16321/16322,Nagercoil Jn,Coimbatore,Exp,69
15959/15960,Howrah,Dibrugarh,Kamrup,"14,66",,,,,
,,,,,16323/16324,Coimbatore,Mangaluru Central,Exp,86
15961/15962,Howrah,Dibrugarh,Kamrup,"14,61",,,,,
,,,,,16325/16326,Kottayam,Nilambur Road,Exp,86
15967/15968,Rangiya,Dibrugarh,Exp,66,,,,,
,,,,,16327/16328,Madurai Jn,Guruvayur,Exp,"21,85"
16003/16004,MGR Chennai,Nagarsol,Exp,"53,71",,,,,
,,,,,16331/16332,Chhatrapati Shivaji,Thiruvananthapuram,Exp,70
,Central,,,,,,,,
,,,,,,Maharaj (T),Central,,
16021/16022,MGR Chennai,Ashokapuram,Kaveri,20,,,,,
,,,,,16333/16334,Veraval,Thiruvananthapuram,Exp,26
,Central,,,,,,,,
,,,,,,,Central,,
16031/16032,MGR Chennai,Shri Mata Vaishno,Andaman,"8,16",,,,,
,,,,,16335/16336,Gandhidham,Nagercoil Jn,Exp,26
,Central,Devi Katra,,,,,,,
,,,,,16337/16338,Okha,Ernakulam Jn,Exp,26
16053/16054,MGR Chennai,Tirupati,Exp,20,,,,,
,Central,,,,16339/16340,Chhatrapati Shivaji,Nagercoil Jn,Exp,70
,,,,,,Maharaj (T),,,
16057/16058,MGR Chennai,Tirupati,Sapthagiri,20,,,,,
,Central,,,,16341/16342,Guruvayur,Thiruvananthapuram,Intercity,85
16085/16086,Arakkonam,Jolarpettai,Exp,20,16343/16344,Thiruvananthapuram,Rameswaram,Amritha,"21,86"
16087/16088,Arakkonam,Salem,Exp,86,16345/16346,Lokmanya Tilak (T),Thiruvananthapuram,Netravati,26
,,,,,,,Central,,
16089/16090,MGR Chennai,Jolarpettai,Yelagiri,20,,,,,
,Central,,,,16347/16348,Thiruvananthapuram,Mangaluru Central,Exp,85
,,,,,,Central,,,
16093/16094,MGR Chennai,Lucknow Jn.,Exp,17,,,,,
,Central,,,,16349/16350,Thiruvanthapuram,Nilambur Road,Rajya Rani,86
,,,,,,North,,,
16101/16102,Tambaram,Kollam,Exp,21,,,,,
,,,,,16351/16352,Chhatrapati Shivaji,Nagercoil Jn,Exp,"21,70"
16103/16104,Tambaram,Rameswaram,Exp,21,,,,,
,,,,,,Maharaj (T),,,
16111/16112,Tirupati,Puducherry,Exp,21,,,,,
,,,,,16353/16354,Kacheguda,Nagercoil Jn,Exp,"70,71"
16115/16116,Chennai Egmore,Puducherry,Exp,21,,,,,
,,,,,16355/16356,Thiruvanthapuram,Mangaluru Jn.,Antyodaya,26
16127/16128,Chennai Egmore,Guruvayur,Exp,"21,85",,North,,,
16159/16160,Chennai Egmore,Mangalore,Exp,"21,86",16361/16362,Ernakulam Jn,Velankanni,Exp,"21,85"
16175/16176,Chennai Egmore,Karaikal,Exp,21,16366,Nagercoil Jn,Kottayam,Exp,85
16179/16180,Chennai Egmore,Mannargudi,Mannai,21,16367/16368,Kanniyakumari,Banaras,Kashi Tamil,"8,21"
16187/16188,Karaikkal,Ernakulam Jn,Exp,86,,,,Sangam,
16203/16204,MGR Chennai,Tirupati,Exp,20,16377/16378,Ernakulam Jn,Bengaluru,Exp,86
TAG-26,Central,,,,16381/16382,Pune,Kanniyakumari,Exp,"10,70"
16205/16206,Talguppa,Mysuru,Intercity,19,20693/20694,Jodhpur,KSR Bengaluru,Super Fast,"11,19,23"
,,,,18,,,,,
Train,From,To,Train,Table,Train,From,To,Train,Table,
No.,station,station,Name,No.,No.,station,station,Name,No.,
16511/16512,KSR Bengaluru,Kannur,Exp,"19,20",16843/16844,Tiruchirappalli,Palghat Town,Exp,86,
16515/16516,Yesvantpur,Karwar,Exp,"19,26",16845/16846,Erode,Sengottai,Exp,69,
16519/16520,Jolarpettai,KSR Bengaluru,Exp,20,16847/16848,Mayiladuthurai,Sengottai,Exp,21,
16521/16522,Bangarapet,KSR Bengaluru,Exp,20,16849/16850,Tiruchirappalli,Rameswaram,Exp,21,
16525/16526,Kanniyakumari,KSR Bengaluru,Exp,86,16853/16854,Tirupati,Villupuram,Exp,21,
16527/16528,Yesvantpur,Kannur,Exp,86,16855/16856,Puducherry,Mangaluru Central ,Exp,86,
16529/16530,SMVT Bengaluru,Karaikal,Exp,"69,86",,,(via Salem),,,
16531/16532,Ajmer,KSR Bengaluru,Garib Nawaz,"11,19,23,60",16857/16858,Puducherry,Mangaluru Central (via,Exp,"22,86",
16533/16534,Jodhpur,KSR Bengaluru,Exp,"23,11,19,60",,,Tiruchchirappalli),,,
16535/16536,Mysuru,Pandharpur,Golgumbaz,19,16861/16862,Puducherry,Kanniyakumari,Exp,21,
16539/16540,Yesvantpur,Mangalore Jn.,Exp,"183, 177",16865/16866,Chennai Egmore,Thanjavur,Uzhavan,21,
16541/16542,Yesvantpur,Pandharour,Exp,19,16867/16868,Villupuram,Dindigul,Exp,21,
16545/16546,Sindhanur,Yesvantpur,Yesvantpur Exp,60,16870,Villupuram Junction,Tirupati,Tirupati Exp,21,
16547/16548,Yesvantpur,Vijayapura,Exp,19,17001/17002,Sai Nagar Shirdi,Secunderabad,Exp,53,
16549/16550,Bengaluru,Kolar,Exp,20,17003/17004,Kazipet,Sirpur Town,Exp,8,
16551/16552,MGR Chennai Central,Ashokapuram,Exp,20,17005/17006,Hyderabad,Raxaul,Exp,"9,36,37,42",
16565/16566,Yesvantpur,Mangaluru Central,Exp,86,17007/17008,Secunderabad,Darbhanga,Exp,"9,36,37,42",
16567/16568,Tumkur,Shivamogga Town,Exp,19,17009/17010,Bidar,Hyderabad/,Intercity,53,
16569/16570,Yesvantpur,Kacheguda,Exp,52,,,Secunderabad,,,
16561/16562,Yesvantpur,Thiruvananthapuram,AC Exp,86,17011/17012,Hyderabad/Bidar,Sirpur Kaghaznagar,Intercity,9,
,,North,,,17013/17014,Hadapsar,Kazipet,Exp,53,
16571/16572,Yesvantpur,Bidar,Exp,60,17015/17016,Bhubaneswar New,Secunderabad,Visakha,30,
16573/16574,Yesvantpur,Puduchery,Exp,69,17019/17020,Hisar,Hyderabad,Exp,"9,54,53,77",
16575/16576,Yesvantpur,Mangaluru Junction,Gomateswara Exp,19,17021/17022,Hyderabad,Vasco-de-Gama,Exp,"49,52",
16577/16578,Yesvantpur,Bidar,Exp,60,17023/17024,Kacheguda,Kurnool City,Thungabhadra,52,
16581/16582,Yesvantpur,Shivamogga Town,Exp,19,17027/17028,Hyderabad,Kurnool Town,Hundry,52,
16583/16584,Yesvantpur,Latur,Exp,60,17029/17030,Hyderabad,Vijayapura,Exp,10,
16585/16586,SMVT Bengaluru,Murudeshwar,Exp.,19,17033/17034,Bhadrachalam Road,Balharshah,Exp,8,
16587/16588,Yesvantpur,Bikaner,Exp,"19,23,31",17035/17036,Kazipet,Balharshah,Exp,8,
16589/16590,KSR Bengaluru,Sangli,Rani Chennamma,19,17039/17040,Secunderabad,Vasco-de-gama,Exp,"49, 52",
16591/16592,SSS Hubballi,Mysuru,Hampi,60,17057/17058,Chhatrapati Shivaji,Lingumpalli,Devgiri,53,
16593/16594,KSR Bengaluru,Hazur Sahib Nanded,Exp,60,,Maharaj (T),,,,
16595/16596,KSR Bengaluru,Karwar,Panchganga Exp,"19,26",17063/17064,Manmad,Kacheguda,Aiantha,53,
16601/16602,Erode,Jogbani,Amrit Bharat,"17,86,90",17201/17202,Guntur,Secunderabad,Golconda,71,
16603/16604,Mangaluru Central,Thiruvananthapuram,Maveli,85,17205/17206,Sai Nagar Shirdi,Kakinada Port,Exp,"30,53",
,,Central,,,17207/17208,Sai Nagar Shirdi,Machilipatnam,Exp,"30,53",
16605/16606,Mangaluru Central,Thiruvanathapuram,Ernad,85,17209/17210,SMVT Bengaluru,Kakinada Town,Seshadri,"7,20",
,,Central,,,17211/17212,Machilipatnam,Yesvantpur,Kondaveedu,49,
16607/16608,Kannur,Coimbatore,Exp,26,17215/17216,Machilipatnam,Dharmavaram,Exp,49,
16609/16610,Thrissur/Mangaluru,Kannur/Kozhikode,Exp,85,17219/17220,Machilipatnam,Visakhapatnam,Exp,"7,7A",
16613/16614,Rajkot,Coimbatore,Exp,31,17221/17222,Kakinada Port,Lokmanya Tilak (T),Exp,"10,30",
16615/16616,Mannargudi,Coimbatore,Chemmozhi,69,17225/17226,Narsapur,SSS Hubballi,Amaravati,49,
16617/16618,Rameshwaram,Coimbatore,Exp,"21,69",17227/17228,Dhone,Guntur,Exp,49,
16621/16622,Manglore Central,Rameshwaram,Exp,"21,69",17231/17232,Narsapur,Nagarsol,Exp,"30,53",
16629/16630,Thiruvananthapuram,Mangaluru Central,Malabar,85,17233/17234,Secunderabad,Sirpur Kaghazanager,BhagyaNagar,9,
16649/16650,Mangaluru Central,Kanniyakumari,Parasuram,85,17235/17236,SMVT Bengaluru,Nagercoil,Exp,69,
16721/16722,Madurai,Coimbatore,Exp,69,17237/17238,MGR Chennai,Bitragunta,Exp,71,
16729/16730,Madurai,Punalur,Exp,21,,Central,,,,
16731/16732,Palakkad,Tiruchendur,Exp,"21,69",17239/17240,Guntur,Visakhapatnam,Simhadri,30,
16733/16734,Rameshwaram,Okha,Exp,"11,31,53, ",17241/17242,Narasapur,Nidadavolu,Link,30,
,,,,"70,71",17243/17244,Guntur,Rayagada,Exp,40,
16751/16752,Chennai Egmore,Rameshwaram,Exp,21,17245/17246,Dharamavaram,Machilipatnam,Exp,7,
16765/16766,Mettupalayam,Tuticorin,Exp,21,17247/17248,Narsapur,Dharamavaram,Exp,7,
16779/16780,Tirupati,Rameshwaram,Exp,21,17249/17250,Tirupati,Kakinada Town,Exp,7,
16787/16788,Tirunelveli,Shri Mata Vaishno,Exp,"8,16,69,86",17251/17252,Kacheguda,Guntur,Exp,71,
,,Devi Katra,,,,,,,,
,,,,,17253/17254,Guntur,Chhatrapati SambhaJi,Exp,71,
16791/16792,Palakkad,Tuticorin,Palaruvi,86,,,Nagar,,,
16811/16812,Mayaladuturai,Salem JN.,Exp,69,17255/17256,Narsapur,Lingampalli,Exp,30,TAG-26
,,,,,19,,,,,
,Train,From,To,Train,Table,Train,From,To,Train,Table
,No.,station,station,Name,No.,No.,station,station,Name,No.
,17257/17258,Vijayawada,Kakinada Port,Exp,"7,30",17649/17650,Hyderabad,Chhatrapati SambhaJi,Exp,53
,17259/17260,Gudur,Vijayawada,Exp,7,,,Nagar,,
,17261/17262,Guntur,Tirupati,Exp,49,17651/17652,Chengalpattu,Kacheguda,Exp,71
,17263/17264,Bhimavaram,Narasapur,Exp,7,17653/17654,Pondicherry,Kacheguda,Exp,71
,17267/17268,Kakinada Port,Visakhapatnam,Exp,7,17655/17656,Pondicherry,Kakinada,Exp,71
,17269/17270,Vijayawada,Narasapur,Exp,7,17659/17660,Secunderbad,Bhadrachalam Road,Exp,30
,17281/17282,Guntur,Narasapur,Exp,30,17661/17662,Kacheguda,Nagarsol,Exp,53
,17301/17302,Mysuru,Belagavi,Exp,19,17663/17664,Raichur,Parbhani,Exp,53
,17303/17304,SSS Hubballi,Sidhanur,Exp,49,17665/17666,H.S. Nanded,Lokmanya Tilak (T),Exp,53
,17307/17308,Mysuru,Bagalkot,Basava,"10,20",17667/17668,H.S. Nanded,Lokmanya Tilak (T),Exp,53
,17309/17310,Yesvantpur,Vasco-de-Gama,Exp,19,17683/17684,Akola,Purna,Exp,53
,17315/17316,Vasco-de-Gama,Velankanni,Exp,1969,17687/17688,Manmad,Dharmabad,Exp,53
,17317/17318,SSS Hubballi,Dadar,Exp,19,17693/17694,Kacheguda,Raichur,Exp,9
,17319/17320,SSS Hubballi,Hyderabad,Exp,"19,10",18003/18004,Howrah,Adra,Exp,87
,17321/17322,Vasco Da Gama,Jasidih,Exp,"5,9,19,36,49",18005/18006,Howrah,Jagdalpur,Sambaleswari,"5,40"
,17323/17324,SSS Hubballi,Banaras,Exp,"6,9,19",18007/18008,Shalimar,Bhanjpur,Simlipal,87
,17327/17328,SSS Hubballi,Kushtagi,Kushtagi,49,18009/18010,Santragachi,Ajmer,Exp,"34,41,72"
,17329/17330,SSS Hubballi,Vijayawada,Exp,49,18011/18012,Howrah,Chakradharpur,Exp,87
,17333/17334,Miraj,Castle Rock,Exp,44,18013/18014,Adra,Bokaro Steel City,Exp,87
,17347/17348,SSS Hubballi,Chitradurg,Exp,19,18019/18020,Jhargram,Dhanbad,Exp,87
,17377/17378,Vijayapura,Mangaluru Central,Exp,19,18021/18022,Kharagpur,Khurda Road,Exp,29
,17391/17392,KSR Bengaluru,Sindhanur,Exp,19,18023/18024,Kharagpur,NSCB Gomoh,Exp,87
,17405/17406,Tirupati,Adilabad,Krishna,71,18027/18028,Kharagpur,Asansol,Exp,87
,17407/17408,Tirupati,Mannargudi,Pamani,21,18029/18030,Lokmanya Tilak (T),Shalimar,Exp,5
,17409/17410,Adilabad,Hazur Sahib Nanded,Exp,53,18033/18034,Howrah,Ghatsila,Exp,87
,17411/17412,Chhatrapati Shivaji,Chhatrapati Shahu,Mahalaxmi,19,18035/18036,Kharagpur,Hatia,Exp,87
,,Maharaj (T),Maharaj (T),,,,,,,
,,,,,,18037/18038,Kharagpur,Jajpur Keonjhar,Exp,29
,17415/17416,Tirupati,Chhatrapati Shahu,Exp,"19,49",,,,,
,,,,,,18043/18044,Howrah,Bhadrak,Exp,29
,,,Maharaj (T),,,,,,,
,,,,,,18045/18046,Shalimar,Charlapalli,East Coast Exp,30
,17417/17418,Tirupati,Sai Nagar Shiridi,Exp,"10,53",,,,,
,,,,,,18047/18048,Shalimar,Vasco da Gama,Exp,"7,49"
,17419/17420,Tirupati,Vasco-da-qama,Exp,49,,,,,
,17421/17422,Tirupati,Kollam,Exp,70,18049/18050,Shalimar,Badampahar,Exp,5
,17423/17424,Tirupati,Chikkamaguluru,Exp,"19,70",18051/18052,Badampahar,Rourkela,Exp,5
,17435/17436,Kacheguda,Kurnool City,Exp,52,18085/18086,Kharagpur,Ranchi,Exp,87
,17479/17480,Puri,Tirupati,Exp,7,18101/18102,Tatanagar,Jammu Tawi,Exp,41
,17481/17482,Bilaspur,Tirupati,Exp,"7,42",18103/18104,Tatanagar,Amritsar,Tatanagar,"12,41"
,17487/17488,Cuddapah,Visakhapatnam,Thirumala,"7,71",18105/18106,Rourkela,Jaynagar,Exp,"36,37"
,17603/17604,Kacheguda,Yelhanka,Exp,52,18107/18108,Rourkela,Jagdalpur,Exp,40
,17605/17606,Kacheguda,Bhagat Ki Kothi,Exp,"9, 23, 53, 54",18109/18110,Tatanagar,NSCB Itwari,Exp,5
,17609/17610,Patna,Purna,Exp,"17,24,53",18111/18112,Tatanagar,Yesvantpur,Exp,"40,71"
,17611/17612,Nanded,Chhatrapati Shivaji,Exp,53,18113/18114,Tatanagar,Bilaspur,Exp,5
,,,Maharaj (T),,,18115/18116,NSCB Gomoh,Chakradharpur,Exp,87
,17614/17613,Nanded,Panvel,Exp,44,18117/18118,Rourkela,Gunupur,Rajya Rani,"7,78"
,17618/17617,Hazur Sahib Nanded,Chhatrapati Shivaji,Tapovan,53,18119/18120,Tatanagar,Jaynagar,Exp,37
,,,Maharaj (T),,,18125/18126,Rourkela,Puri,Exp,32
,17619/17620,H.S. Nanded,Chhatrapati SambhaJi,Exp,53,18175/18176,Hatia,Jharsuguda,Exp,78
,,,Nagar,,,,,,,
,,,,,,18181/18182,Tatanagar,Thawe,Exp,37
,17621/17622,Chhatrapati,Tirupati,Exp,"10,53",,,,,
,,,,,,18183/18184,Tatanagar,Buxar,Exp,36
,,SambhaJi Nagar,,,,,,,,
,,,,,,18185/18186,Tatanagar,Godda,Exp,37
,17625/17626,Kacheguda/,Repalle,Delta Exp,"71,71A",,,,,
,,Vikarabad,,,,18189/18190,Tatanagar,Ernakulam Jn,Exp,40
,17629/17630,Hadapsar*,Hazur Sahib Nanded,Exp,"44,53",18201/18202,Durg,Nautanwa,Exp,"38,81"
,17639/17640,Kacheguda,Akola,Exp,53,18203/18204,Durg,Kanpur Central,Betwa,81
,17641/17642,Kacheguda,Narkher,Exp,53,18205/18206,Durg,Nautanwa,Exp,"38,81"
,17643/17644,Pondicherry,Kakinada Port,Circar,7,18207/18208,Durg,Ajmer,Exp,"72,81"
,17645/17646,Secunderabad,Repalle,Exp,71,18213/18214,Durg,Ajmer,Exp,"72,81"
TAG-26,17647/17648,Hyderabad,Purna,Exp,53,18233/18234,Indore,Bilaspur,Narmada,43
,,,,,,18235/18236,Bhopal,Bilaspur,Exp,43
* Change in Terminal from Pune to Hadapsar w.e.f. 26-01-2026.,,,,,,,,,,
,,,,,20,,,,,
Train,From,To,Train,Table,Train,From,To,Train,Table,
No.,station,station,Name,No.,No.,station,station,Name,No.,
18237/18238,Korba/Bilaspur,Amritsar,Chattisgarh,"42,15",19007/19008,Surat,Bhusaval,Exp,24,
18239/18240,Korba,NSCB Itwari,Exp,"5,42",19011/19012,Valsad,Dahod,Exp,3,
18241/18242,Durg,Ambikapur,Exp,81,19013/19014,Bhusaval,Katni,Exp,24,
18247/18248,Bilaspur,Rewa,Exp,81,19015/19016,Dadar,Porbandar,Saurashtra,11,
18249/18250,Korba,Raipur,Hasdeo Exp.,42,19019/19020,Bandra (T),Haridwar,Exp,"3,75",
18251/18252,Korba,Raipur,Hasdeo Exp.,42,19021/19022,Udhna,Brahmapur,Amrit Bharat Exp,34,
18257/18258,Bilaspur,Chirmiri,Exp,32,19027/19028,Bandra (T),Jammu Tawi,Vivek,"11,23,59,80",
18301/18302,Sambalpur,Rayagada,Exp,40,19031/19032,Ahmedabad,Yog Nagari Rishikesh,Exp,"23,75",
18303/18304,Sambalpur,Puri,Exp,78,19033/19034,Valsad,Ahmedabad,Gujarat Queen,11,
18309/18310,Visakhapatnam,Jammu Tawi,Link,"41,78",19035/19036,Vadodara,Ahmedabad,Exp,11,
18311/18312,Visakhapatnam,Banaras,Exp,"78,41",19037/19038,Barauni,Bandra Terminus,Exp,"3,22,64",
18313/18314,Boudh,Bhubaneshwar New,Exp,78,19045/19046,Surat,Thawe,Taptiganga,6.37,
18409/18410,Howrah,Puri,Sri Jagannath,7,19051/19052,Valsad,Muzaffarpur,Shramik,"22,24",
18413/18414,Paradeep,Puri,Exp,32,19053/19054,Surat,Muzaffarpur,Exp,"3,33",
18415/18416,Barbil,Puri,Exp,32,19091/19092,Bandra Terminus,Gorakhpur,Exp,"3,43,63",
18417/18418,Puri,Gunupur,Exp,7,19101/19102,Virar,Bharuch,Exp,3,
18419/18420,Puri,Jaynagar,Exp,"32,37",19103/19104,Ratlam,Kota,Exp,3,
18421/18422,Puri,Sonepur,Exp,34,19105/19106,Udhna,Bhusaval,Exp,24,
18423/18424,Bhubaneswar,Daspalla,Exp,78,19107/19108,Bhavnagar,Martyr Captain Tushar,Janmabhoomi,"23,45",
18425/18426,Puri,Durg,Exp,"78,34",,,Mahajan,,,
18427/18428,Puri,Anand Vihar(T),Exp,32,19109/19110,Kota,Mathura,Exp,3,
18447/18448,Bhubaneswar,Jagdalpur,Hirakhand,40,19119/19120,Gandhi Nagar,Somnath,Intercity,"11,76",
,,,,,,Capital,,,,
18449/18450,Puri,Patna,Baidyanathdham,32,,,,,,
,,,,,19165/19166,Ahmedabad,Darbhanga,Sabarmati,"22,33",
18451/18452,Hatia,Puri,Tapaswini,78,,,,,,
,,,,,19167/19168,Ahmedabad,Varanasi City,Sabarmati,33,
18463/18464,Bhubaneswar,KSR Bengaluru,Prasanthi,"7,49",,,,,,
,,,,,19201/19202,Bhavnagar,Ayodhya Cantt,Exp,"11, 22, 22A,",
18477/18478,Puri,Yog Nagri ,Utkal,"32,75",,,,,,
,,,,,,,,,"23, 23A, 33",
,,Rishikesh,,,,,,,,
,,,,,19203/19204,Veraval,Bandra Terminus,Exp,11,
18503/18504,Visakhapatnam,Sai Nagar Shirdi,Exp,"30,53",,,,,,
,,,,,19205/19206,Bhavnagar,Mahuva,Exp,11,
18511/18512,Kora put,Visakhapatnam,Exp,40,,,,,,
,,,,,19207/19208,Porbandar,Somnath,Exp,34,
18513/18514,Kirandul,Visakhapatnam,Exp,40,,,,,,
,,,,,19209/19210,Bhavnagar,Okha,Exp,11,
18517/18518,Korba,Visakhapatnam,Exp,42,,,,,,
,,,,,19217/19218,Bandra Terminus,Veraval,Exp,11,
18519/18520,Visakhapatnam,Lokmanya Tilak (T),Exp,"10,30",,,,,,
,,,,,19223/19224,Gandhi Nagar Capital,Jammu Tawi,Exp,"23,45",
18525/18526,Visakhapatnam,Brahmapur,Exp,7,,,,,,
,,,,,19251/19252,Somnath,Okha,Exp,76,
18529/18530,Visakhapatnam,Durg,Exp,"42,42A",,,,,,
,,,,,19255/19256,Surat,Mahuva,S.Fast,11,
18567/18568,Visakhapatnam,Kollam,Exp,"29,86",,,,,,
,,,,,19259/19260,Thiruvanthapuram,Bhavnagar,Exp,"26,76",
18573/18574,Visakhapatnam,Bhagat Ki Kothi,Exp,"42,72,81,28",,,,,,
,,,,,,North,,,,
18601/18602,Tatanagar,Hatia,Exp,87,,,,,,
,,,,,19269/19270,Porbandar,Muzaffarpur,Exp,"22,11,23,64",
18603/18604,Ranchi,Godda,Exp,36,,,,,,
,,,,,19271/19272,Bhavnagar,Haridwar,Exp,"11,59,75",
18609/18610,Ranchi,Lokmanya Tilak (T),Exp,"6,41",,,,,,
,,,,,19301/19302,Dr. Ambedkar Nagar,Yesvantpur,Exp,"8,52,53",
18611/18612,Ranchi,Banaras,Exp,41,,,,,,
,,,,,19303/19304,Indore,Bhopal,Exp,43,
18613/18614,Ranchi,Chopan,Exp,41,,,,,,
,,,,,19305/19306,Dr Ambedkar Nagar,Kamakhya,Exp,"18,35,74",
18615/18616,Howrah,Hatia,Kriya Yoga,87,,,,,,
,,,,,19307/19308,Indore,Una Himachal,Exp,"4,15",
18619/18620,Ranchi,Godda,Exp,36,,,,,,
,,,,,19309/19310,Gandhinagar,Indore,Shanti,33,
18621/18622,Patna,Hatia,Exp,36,,,,,,
,,,,,19313/19314,Indore,Rajendranagar,Exp,35,
18623/18624,Hatia,Islampur,Exp,"36,89",,,,,,
,,,,,19315/19316,Indore,Asarva,Veer Bhumi,"3,54",
18625/18626,Purnea Court,Hatia,Exp,"36,90",,,,Chittaurgarh,,
18627/18628,Howrah,Ranchi,Exp,87,19319/19320,Indore,Veraval,Mahamana Exp.,"11,33",
18629/18630,Ranchi,Gorakhpur,Exp,"36,37",19321/19322,Indore,Rajendranagar,Exp,35,
18631/18632,Ranchi,Chopan,Exp,41,19323/19324,Dr. Ambedkar Nagar,Bhopal,Intercity,43,
18633/18634,Pune,Hatia,Exp,"5,44",19325/19326,Indore,Amritsar,Exp,4,
18635/18636,Ranchi,Sasaram,Exp,41,19327/19328,Ratlam,Udaipur City,Exp,54,
18637/18638,Hatia,SMVT Bengaluru,Exp,"20,40",19333/19334,Indore,Bikaner,Mahamana Exp.,"54,59",
18639/18640,Ranchi,Ara,Exp,36,19337/19338,Indore,Delhi Sarai Rohilla,Exp.,"23,54",
18755/18756,Shahdol,Ambikapur,Exp,81,19339/19340,Dahod,Bhopal,Exp,33,
19001/19002,Virar,Surat,Exp,3,19341/19342,Nagda,Bina,Exp,33,
19003/19004,Bandra (T),Bhusaval,Exp,24,19343/19344,Indore,Nainpur,Exp,8,
19005/19006,Surat,Bhusaval,Exp,24,19345/19346,Ratlam,Bhilwara,Exp,54,TAG-26
,,,,,21,,,,,
,Train,From,To,Train,Table,Train,From,To,Train,Table
,No.,station,station,Name,No.,No.,station,station,Name,No.
,19401/19402,Sabarmati,Lucknow,Exp,"23,79",20176/20175,Agra Cantt.,Banaras,Vande Bharat,1
,19405/19406,Palanpur,Gandhidham,Exp,11,20401/20402,Varanasi,Lucknow,Exp,25
,19409/19410,Sabarmati,Gorakhpur,Exp,"23,79,82",20403/20404,Prayagraj,Lalgarh Jn,Exp,"1,59,80"
,19411/19412,Gandhinagar Capital,Daulatpur Chowk,Exp,"23,27,80",20407/20408,New Delhi,Ranchi,Rajdhani,41
,19413/19414,Kolkata,Rajkot,Exp,"3,43,73",20409/20410,Delhi Cantt.,Bhatinda,Kisan,39
,19415/19416,Sabarmati,Shri Mata Vaishno,Exp,"23,80",20411/20412,Delhi,Saharangpur Jn.,Exp,15
,,,Devi Katra,,,20413/20414,Varanasi,Indore,Kashi Mahakal,35
,19417/19418,Borivali,Ahmedabad,Exp,11,20415/20416,Varanasi,Indore,Kashi Mahakal,35
,19421/19422,Rajkot,Patna,Exp,"3,32",20423/20424,Seoni,Firozpur Cantt.,Patalkot Exp,"2,39"
,19425/19426,Mumbai Central,Nandurbar,Exp,24,20433/20434,Subedarganj,Shri Mata Vaishno,Jammu Mail,"1,16"
,19435/19436,Ahmedabad,Asansol,Exp,"1,2,34",,,Devi Katra,,
,19483/19484,Ahmedabad,Saharsa,Exp,"2,18,34",20451/20452,Sogariya,New Delhi,Exp,3
,19489/19490,Ahmedabad,Gorakhpur,Exp,"3,43,63",20471/20472,Sri Ganganagar,Puri,Exp,"28, 32,72,78"
,19565/19566,Okha,Dehradun,Uttaranchal,"11,23,75",20473/20474,Delhi Sarai Rohilla,Udaipur City,Chetak,"23,54"
,19567/19568,Tuticorin,Okha,Vivek,"31,70",20475/20476,Bikaner,Miraj,Exp,"23,31"
,19571/19572,Rajkot,Porbandar,Exp,11,20481/20482,Bhagat Ki Kothi,Tiruchchirappalli,Exp,"8,21,28"
,19575/19576,Okha,Nathdwara,Exp,"11,54",20483/20484,Bhagat Ki Kothi,Dadar,Exp,"11,23"
,19577/19578,Tirunelveli,Jamnagar,Exp,26,20485/20486,Jodhpur,Sabarmati,Superfast,23
,19601/19602,Udaipur City,New Jalpaiguri,Exp,"54,18, 23",20487/20488,Barmer,Delhi Sarai Rohilla,Malani Exp.,23
,19603/19604,Daurai,Godda,Exp,"23, 36,41,41A",20489/20490,Barmer,Mathura,SF,23
,,,,,",67",20491/20492,Jaisalmer,Sabarmati,Sabarmati Exp,23
,19605/19606,Madar,Udaipur City,Exp,54,20493/20494,Chandigarh,Madurai,Exp,"8,27,69,86"
,19607/19608,Kolkata,Madar Jn.,Exp,"72,73",20495/20496,Jodhpur,Hadapsar,SF,"23, 31"
,19609/19610,Udaipur,Yog Nagari Rishikesh,Exp,"23,54,84",20497/20498,Rameswaram,Firozpur,Humsafar Exp,"8,21,54,77"
,19611/19612,Ajmer,Amritsar (via Bathindal,Exp,80,20501/20502,Agartala,Anand Vihar (T),Tejas Rajdhani,"18,83"
,19613/19614,Ajmer,Amritsar (via Jakhal),Exp,80,20503/20504,Dibrugarh,New Delhi,Rajdhani,"66,18"
,19615/19616,Udaipur,Kamakhya,Kaviguru,"13,54,79",20505/20506,Dibrugarh Town,New Delhi,Dibrugarh Rajdhani,"18,66"
,19617/19618,Madar Jn,Rewari,Exp,23,20507/20508,Sairang,Anand Vihar (T),Rajdhani Exp,"18,18A,83"
,19619/19620,Phulera Jn,Rewari,Exp,23,20601/20602,MGR Chennai Central,Bodinayakanur,Exp,86
,19621/19622,Phulera Jn,Rewari,Exp,23,20605/20606,Chennai Egmore,Tiruchendur,Exp,21
,19623/19624,Madar Jn,Darbhanga,Amrit Bharat,"22,22A,",20607/20608,MGR Chennai Central,Mysuru,Vande Bharat,20
,,,,"23,23A,33",,20623/20624,Ashokapuram,KSR Bengaluru,Malgudi,20
,19665/19666,Khajuraho,Udaipur City,Exp,"23,54,56,79",20625/20626,MGR Chennai Central,Bhagat ki Kothi,Exp,"21, 23, 46"
,19667/19668,Udaipur,Mysuru,Humsafar,"3,19,54",20627/20628,Chennai Egmore,Nagercoil Jn.,Vande Bharat,21
,19669/19670,Udaipur,Patliputra,Humsafar,"3,79",20629/20630,Secunderabad,Thiruvananthapuram,Shabri Exp,"71, 86"
,19701/19702,Delhi Cantt,Jaipur,Sainik Exp,59,,,Central,,
,19711/19712,Jaipur,Bhopal,Exp,"23,43,54",20631/20632,Mangalore Central,Thiruvananthapuram,Vande Bharat,26
,19713/19714,Jaipur,Kurnool City,Exp,"3,8,53",,,Central,,
,19715/19716,Jaipur,Gomti Nagar,Exp,79,20633/20634,Thiruvananthapuram,Kasargod,Vande Bharat,26
,19719/19720,Jaipur,Suratgarh,Exp,28,20635/20636,Chennai Egmore,Kollam,Ananthapuri,21
,19721/19722,Jaipur,Bayana,Exp,3,20641/20642,Bengaluru Cantt,Coimbatore,Vande Bharat,86
,19735/19736,Jaipur,Marwar,Exp,23,20643/20644,Coimbatore,Chennai,Vande Bharat,86
,19801/19802,Sogariya,Danapur,Exp,"17,17A,72",20645/20646,Mangalore,Madgaon,Vande Bharat,26
,19803/19804,Kota,Shri Mata Vaishno,Exp,"3,16",20651/20652,KSR Bengaluru,Talguppa,Intercity,19
,,,Devi Katra,,,20653/20654,Bengaluru,Belagavi,Exp,19
,19807/19808,Kota,Sirsa,Exp,"3,77",20655/20656,Yesvantpur,SSS Hubballi,Exp,19
,19811/19812,Kota,Etawah,Exp,72,20657/20658,SSS Hubballi,Nizamuddin,Exp,9
,19813/19814,Kota,Sirsa,Exp,"3,77",20659/20660,Mysuru,KSR Bengaluru,Rajyarani,20
,19815/19816,Kota,Mandsaur,Exp,"54,72",20661/20662,Bengaluru,Dharwar,Vande Bharat,19
,19817/19818,Ratlam,Agra Fort,Haldighati Exp,"3,77",20663/20664,Mysuru,MGR Chennai Central,Vande Bharat,20
,19819/19820,Vadodara,Kota,Exp,3,20665/20666,Tirunelveli,Chennai Egmore,Vande Bharat,21
,19821/19822,Kota,Asarva,Exp,"54,72",20667/20668,Yesvantpur,Jaipur,Super Fast,"19, 54"
,20101/20102,Nagpur,Secunderabad,Vande Bharat,9,20669/20670,SSS Hubballi,Pune,Vande Bharat,19
,20103/20104,Lokmanya Tilak (T),Gorakhpur,Exp,35,20671/20672,Madurai,Bengaluru Cant.,Vande Bharat,86
,20111/20112,Chhatrapati Shivaji,Madgaon,Konkan Kanya Exp,26,20673/20674,Kolhapur,Pune,Vande Bharat,19
,,Maharaj (T),,,,20675/20676,Belagavi,Mysuru,Super Fast,19
,20151/20152,Hadapsar,Rewa,Exp,"44, 58",20677/20678,Chennai Central,Narasapur,Vande Bharat,"7A,7,8A,8"
,20155/20156,Dr Ambedkar Nagar,New Delhi,Superfast Exp,"3A,4,4A",20679/20680,MGR Chennai Central,SSS Huballi,Silambu Exp,"19, 20"
,20171/20172,Ranikamlapati,Nizamuddin,Vande Bharat,2,20681/20682,Tambaram,Sengottai,Exp,21
TAG-26,20173/20174,Rewa,Ranikamlapati,Vande Bharat,43,20683/20684,Tambaram,Sengottai,Exp,21
,,,,,22,,,,,
Train,From,To,Train,Table,Train,From,To,Train,Table
No.,station,station,Name,No.,No.,station,station,Name,No.
20685/20686,Gandhidham,KSR Bengaluru,Super Fast,"11,19",20927/20928,Palanpur,Bhuj,Exp,11
20687/20688,SSS Hubballi,KSR Bengaluru,Exp,19,20929/20930,Udhna,Banaras,Exp,6
20689/20690,Yesvantpur,Shivamogga Town,Super Fast,19,20931/20932,Thiruvanthapuram,Indore,Exp,"3,26"
20691/20692,Tambaram,Nagercoil,Antyodaya,21,,North,,,
20701/20702,Secunderabad,Tirupati,Vande Bharat,71,20933/20934,Udhna,Danapur,Exp,24
20703/20704,Kacheguda,Yesvantpur,Vande Bharat,9,20935/20936,Gandhidham,Indore,Exp,"3,11"
20705/20706,Huzur Sahib Nanded,Chhatrapati Shivaji,Vande Bharat,53,20937/20938,Porbandar,Delhi Sarai Rohilla,Exp,"11,23"
,,Maharaj (T),,,20939/20940,Sabarmati,Sultanpur,Exp,"23,25"
20707/20708,Secunderabad,Visakhapatnam,Vande Bharat,30,20941/20942,Bandra Terminus,Ghazipur City,Exp,"3,22"
20801/20802,lslampur,New Delhi,Magadh,"1,89",20943/20944,Bandra Terminus,Bhagat Ki Kothi,Humsafar Exp.,"11,23"
20803/20804,Visakhapatnam,Gandhidham,Exp,"8,34",20945/20946,Ekta Nagar,H. Nizamuddin,Exp,3
20805/20806,Visakhapatnam,New Delhi,S.Fast,42,20947/20948,Ahmedabad,Ekta Nagar,Janshatabdi Exp.,11
20807/20808,Visakhapatnam,Amritsar,S.Fast,"15,30,32,78",20949/20950,Ahmedabad,Ekta Nagar,Exp,11
20809/20810,Sambalpur,Hazur Sahib Nanded,NaGayalli,"30,40,53",20951/20952,Okha,Jaipur,Exp,"11,23"
20811/20812,Visakhapatnam,Hazur Sahib Nanded,Exp,"30,53",20953/20954,Chennai Central,Ahmedabad,Exp,"31,10"
20813/20814,Puri,Jodhpur,Exp,"78,5,42,3,28",20957/20958,Indore,New Delhi,Exp,3
20815/20816,Tatanagar,Visakhapatnam,Exp,"7,32",20959/20960,Valsad,Vadnagar,Exp,11
20817/20818,Bhubaneswar,New Delhi,Tejas Rajdhani,"32,78",20961/20962,Udhna,Banaras,Exp,33
20819/20820,Puri,Okha,Exp,"34,46",20963/20964,Sabarmati,Varanasi,SF Exp,"23,25"
20821/20822,Pune,Santragachi,Humsafar,5,20965/20966,Bhavnagar,Sabarmati,Exp,11
20823/20824,Puri,Ajmer,S.Fast,"34,23,78",20967/20968,Porbandar,Secunderabad,Exp,"11,31"
20825/20826,Bilaspur,Nagpur,Vande Bharat,5,20971/20972,Udaipur,Shalimar,Exp,"32,72"
20827/20828,Jabalpur,Santragachi,Humsafar,"5,43",20975/20976,Howrah,Agra Cantt.,Chambal Exp.,65
20829/20830,Durg,Visakhapatnam,Vande Bharat,42,20977/20978,Ajmer,Chandigarh,Vande Bharat,23
20831/20832,Sambalpur,Shalimar,Mahima Gosain,"7,78",20979/20980,Udaipur City,Jaipur,Vande Bharat,54
20833/20834,Visakhapatnam,Secunderabad,Vande Bharat,30,20981/20982,Udaipur City,Agra Cantt.,Vande Bharat,"3,54"
20835/20836,Puri,Rourkela,Vande Bharat,32,20983/20984,Bhuj,Delhi Sarai Rohilla,SF Exp,"11,23"
20837/20838,Bhubaneswar,Junagarh Road,S.Fast,40,20985/20986,Kota,Martyr Captain Tushar,Exp,"3,16"
,,,,,,,Mahajan,,
20839/20840,Ranchi,New Delhi,Ranchi Rajdhani,41,,,,,
,,,,,20987/20988,Udaipur City,Asarva,SF Exp,54
20841/20842,Bhubaneswar,Visakhapatnam,Vande Bharat,7,,,,,
,,,,,20989/20990,Udaipur City,Chandigarh,SF Exp,"23, 27, 54, 80"
20843/20844,Bilaspur,Bhagat Ki Kothi,Exp,"3,28,42",,,,,
,,,,,21125/21126,Ratlam,Bhind,Exp,33
20845/20846,Bilaspur,Bikaner,Exp,"3,28,42",,,,,
,,,,,21893/21894,Tatanagar,Patna,Vande Bharat,36
20847/20848,Durg,Martyr Captain Tushar,Exp,"4,32,81",,,,,
,,Mahajan,,,21895/21896,Tatanagar,Patna,Vande Bharat,36
20849/20850,Bhubaneswar,Rameshwaram,Exp,"21, 7",21901/21902,Bandra (T),Barmer,SF Exp,"11,23"
20851/20852,Bhubaneswar,Puducherry,Exp,"21, 7",21903/21904,Bandra (T),Bikaner,SF Exp,"11, 23"
20853/20854,Bhubaneswar,Chennai Central,Exp,"21, 7",22101/22102,Lokmanya Tilak (T),Madurai,Exp,"21,70"
20857/20858,Puri,Sainagar Shirdi,S.Fast,"34,44,78",22103/22104,Lokmanya Tilak (T),Ayodhya Cantt,Exp,6
20861/20862,Puri,Ahmedabad,S.Fast,"34,46,78",22105/22106,Chhatrapati Shivaji,Pune,lndrayani,19
20871/20872,Howrah,Rourkela,Vande Bharat,"5,41",,Maharaj (T),,,
20887/20888,Ranchi,Varanasi,Vande Bharat,41,22107/22108,Chhatrapati Shivaji,Latur,Exp,"44,53"
20889/20890,Howrah,Tirupati,Humsafar Exp.,"7,7A",,Maharaj (T),,,
20891/20892,Tatanagar,Brahmapur,Vande Bharat,"7,32",22109/22110,Lokmanya Tilak (T),Balharshah,Exp,"5,8"
20893/20894,Tatanagar,Patna,Vande Bharat,36,22113/22114,Lokmanya Tilak (T),Thiruvanthapuram,Exp,26
20895/20896,Bhubaneswar,Rameswaram,S.Fast,"21,7",,,North,,
20897/20898,Ranchi,Howrah,Vande Bharat,87,22115/22116,Lokmanya Tilak (T),Karmali,Exp,26
20901/20902,Mumbai Central,Gandhinagar Capital,Vande Bharat,11,22117/22118,Pune,Amravati,AC Exp,44
20903/20904,Ekta Nagar,Varanasi,Mahamana,"6,34",22119/22120,Chhatrapati Shivaji,Madgaon,Tejas,26
20905/20906,Ekta Nagar,Rewa,Mahamana,"6,34",,Maharaj (T),,,
20907/20908,Dadar,Bhuj,Exp,11,22121/22122,Lokmanya Tilak (T),Lucknow,AC Exp,35
20909/20910,Thiruvanthpuram,Porbandar,Exp,"26,11",22123/22124,Pune,Ajni,AC Exp,5
,North,,,,,,,,
,,,,,22125/22126,Nagpur,Amritsar,AC Exp,"8,15"
20911/20912,Indore,Nagpur,Vande Bharat,"8,43",,,,,
,,,,,22129/22130,Lokmanya Tilak (T),Ayodhya Cantt,Tulsi Exp,"2,6,47"
20913/20914,Rajkot,Delhi Sarai Rohilla,Exp,"11,23",,,,,
,,,,,22131/22132,Pune,Banaras,Exp,"6,44"
20915/20916,Lingampalli,Indore,Humsafar Exp.,"3,10",,,,,
,,,,,22135/22136,Mysuru,Renigunta,Exp,20
20917/20918,Indore,Puri,Humsafar Exp.,"5,8,78",,,,,
,,,,,22137/22138,Nagpur,Rajkot,Prerna,34
20919/20920,Chennai Central,Ekta Nagar,Exp,"3,10",,,,,
20921/20922,Bandra Terminus,Lucknow Jn.,Exp,"3,79",22139/22140,Pune,Ajni,Humsafar Exp.,5
20923/20924,Tirunelveli,Gandhidham,Humsafar Exp.,26,22141/22142,Pune,Nagpur,Humsafar Exp.,5
20925/20926,Surat,Amravati,Exp,34,,,,,TAG-26
,,,,,23,,,,
,Train,From,To,Train,Table,Train,From,To,Train,Table
,No.,station,station,Name,No.,No.,station,station,Name,No.
,22143/22144,Chhatrapati Shivaji,Bidar,Exp,53,22317/22318,Sealdah,Jammu Tawi,Humsafar,12
,,Maharaj (T),,,22321/22322,Howrah,Siuri,Hool,92,
,22145/22146,Bhopal,Rewa,SF Exp,43,22323/22324,Kolkata,Ghazipur City,Shabd Bhedi,12
,22147/22148,Dadar,Sai Nagar Shirdi,Exp,53,22325/22326,Haldia,Asansol,Intercity,87
,22149/22150,Ernakulam Jn,Pune,Exp,"26,91",,,,,
,,,,,22329/22330,Asansol,Haldia,Exp,87,
,22151/22152,Pune,Kazipet,Exp,"5,9",,,,,
,,,,,22345/22346,Patna,Gomtinagar,Vande Bharat,12,
,22153/22154,Chennai Egmore,Salem,Exp,21,,,,,
,,,,,22347/22348,Patna,Howrah,Vande Bharat,1,
,22155/22156,Kalaburagi,Chhatrapati Shahu ,Exp,10,,,,,
,,,,,22349/22350,Patna,Ranchi,Vande Bharat,36,
,,,Maharaj (T),,,,,,,
,,,,,22351/22352,Saharsa,SMVT Bengaluru,Exp,"17,20",
,22157/22158,Chhatrapati Shivaji,Chennai Egmore,Koynu,10,,,,,
,,Maharaj (T),,,22353/22354,Patna,SMVT Bengaluru,Humsafar Exp.,17,
,22159/22160,Chhatrapati Shivaji,MGR Chennai ,Exp,10,22355/22356,Patliputra,Chandigarh,Exp,88
,,Maharaj (T),Central,,22357/22358,Gaya,Lokmanya Tilak (T),Exp,"5,36",
,22161/22162,Bhopal,Damoh,Rajya Rani,43,22359/22360,Patna,CSMT,Exp,"1,6"
,22163/22164,Bhopal,Khajuraho,Mahamana Exp.,"2,2A",22361/22362,Rajender Nagar,New Delhi,Amrit Bharat,"1,1A"
,22165/22166,Bhopal,Singrauli,Urjadhani,73,22387/22388,Howrah,Dhanbad,Black Diamond,37
,22167/22168,Singrauli,H. Nizamuddin,Urjadhani,"73,56",22401/22402,Delhi Sarai Rohilla,Martyr Captain Tushar,AC,16
,22169/22170,Rani Kamlapati,Santraganchi,Humsafar Exp.,"5,43,43A",,Mahajan,,,
,22171/22172,Pune,Rani Kamalapati,Humsafar Exp.,9,22403/22404,Puducherry,New Delhi,Exp,8
,22173/22174,Jabalpur,Chanda Fort,Exp,58,22405/22406,Bhagalpur,Anand Vihar (T),Garib Rath,1
,22175/22176,Nagpur,Jaipur,Exp,"8,72",22407/22408,Ambikapur,H. Nizamuddin,Exp,32
,22177/22178,Chhatrapati Shivaji,Varanasi,Mahanagri,6,22409/22410,Gaya,Anand Vihar (T),Garib Rath,1
,,Maharaj (T),,,22411/22412,Anand Vihar (T),Naharlagun,Arunachal,"18,62",
,22179/22180,Lokmanya Tilak (T),Chennai,Exp,10,22413/22414,Madgaon,H. Nizamuddin,Rajdhani Exp,"3,26"
,22181/22182,Jabalpur,H. Nizamuddin,Gondwana,56,22415/22416,Varanasi,New Delhi,Vande Bharat,1
,22183/22184,Lokmanya Tilak (T),Ayodhya Cantt,Exp,6,22417/22418,Varanasi,New Delhi,Mahamana,25
,22185/22186,Pune,Ahmedabad,Exp,31,22419/22420,Anand Vihar (T),Ghazipur City,Suhaildev,22
,22187/22188,Rani Kamlapati,Adhartal,Exp,43,22421/22422,Delhi S.Rohilla,Jodhpur,Salasar,59
,22189/22190,Madan Mahal,Rewa,Exp,43,22423/22424,Gorakhour,Amritsar,Exp,13
,22191/22192,Indore,Jabalpur,Exp,43,22425/22426,Ayodhya Cantt,Anand Vihar (T),Vande Bharat,25
,22193/22194,Daund,Gwalior,Exp,"4,91",22427/22428,Anand Vihar (T),Ballia,Brighu Exp,22
,22195/22196,Virangana,Bandra Terminus,Exp,4,22429/22430,Delhi,Pathankot (via ASR),Exp,15
,,Lakshmibai Jhansi,,,22431/22432,Subedarganj,Martyr Captain Tushar,Exp,"16,68",
,22197/22198,Kolkata,Virangana Lakshmibai,Exp,"1, 35",,Mahajan,,,
,,,Jhansi,,22433/22434,Anand Vihar (T),Ghazipur City,Exp,22,
,22199/22200,Gwalior,Balrampur,Exp,"4,22,38",22435/22436,New Delhi,Banaras,Vande Bharat,1
,22201/22202,Sealdah,Puri,Duronto,7,22437/22438,Prayagraj,Anand Vihar (T),Humsafar Exp.,1
,22203/22204,Visakhapatnam,Secunderabad,Duronto,30,22439/22440,New Delhi,Shri Mata Vaishno,Vande Bharat,16
,22207/22208,MGR Chennai,Thiruvananthapuram,AC,86,,Devi Katra,,,
,,Central,,,,,,,,
,,,,,22441/22442,Chitrakut Dham,Kanpur Central,lntercity,1,
,22209/22210,Mumbai Central,H. Nizamuddin,Duronto,3,Karvi,,,,
,22213/22214,Shalimar,Patna,Duronto,1,22443/22444,Kanpur Central,Bandra (T),Exp,"3,82"
,22221/22222,Chhatrapati Shivaji,Nizamuddin,Rajdhani,2,22445/22446,Kanpur Central,Amritsar,Exp,12
,,Maharaj (T),,,,,,,,
,,,,,22447/22448,New Delhi,Amb Andura,Vande Bharat,27,
,22223/22224,Chhatrapati Shivaji,Sainagar Shirdi,Vande Bharat,53,,,,,
,,Maharaj (T),,,22449/22450,New Delhi,Guwahati,Poorvottar S. Kranti,18,
,22225/22226,Chhatrapati Shivaji,Solapur,Vande Bharat,10,22451/22452,Bandra (T),Chandigarh,Exp,"11,23,27"
,,Maharaj (T),,,22453/22454,Lucknow,Meerut City,Rajya Rani,88,
,22227/22228,New Jalpaiguri,Guwahati,Vande Bharat,29,22455/22456,Sai Nagar Shirdi,Kalka,Exp,"2,27"
,22229/22230,Chhatrapati Shivaji,Madgaon,Vande Bharat,26,22457/22458,Anand Vihar,Dehradun,Vande Bharat,75
,,Maharaj (T),,,22459/22460,Anand Vihar,Madhupur,Humsafar,1,
,22231/22232,Kalaburagi,SMVT Bengaluru,Vande Bharat,9,22461/22462,New Delhi,Shri Mata Vaishno,Shri Shakti,16
,22233/22234,New Jalpaiguri,Patna,Vande Bharat,18,,Devi Katra,,,
,22301/22302,Howrah,New Jalpaiguri,Vande Bharat,14,22463/22464,Delhi Sarai Rohilla,Bikaner,Rajasthan S. Kranti,23
,22303/22304,Howrah,Gaya,Vande Bharat,1,22465/22466,Anand Vihar (T),Madhupur Junction,Baba Vaidyanath-,1
,,,,,,,,Dham-Deoghar,,
,22305/22306,Jasidih,SMVT Bengaluru,Exp,"1,40",,,,,
,,,,,22467/22468,Varanasi,Gandhinagar Capital,Exp,"33,35",
,22307/22308,Howrah,Bikaner,Exp,"28,65",,,,,
,,,,,22469/22470,H. Nizamuddin,Khajuraho,Vande Bharat,56,
TAG-26,22309/22310,Howrah,Bhagalpur,Vande Bharat,14,,,,,
,,,,,22471/22472,Bikaner,Delhi Sarai Rohilla,Intercity,59,
,22311/22312,Godda,Lokmanya Tilak (T),Exp,24,,,,,
,,,,,24,,,,,
Train,From,To,Train,Table,Train,From,To,Train,Table,
No.,station,station,Name,No.,No.,station,station,Name,No.,
22473/22474,Bikaner,Bandra (T),Exp,"11,23",22657/22658,Tambaram,Kanniyakumari,Exp,21,
22475/22476,Hisar,Coimbatore,Exp,"23,26,59",22659/22660,Thiruvanthapuram,Yog Nagari Rishikesh,S.Fast,"3,26,75",
22477/22478,Shri Mata Vaishno,New Delhi,Vande Bharat,4,,North,,,,
,Devi Katra,,,,22661/22662,Chennai Egmore,Rameshwaram,Exp,21,
22479/22480,New Delhi,Lohian Khas Junction,Sarvat Da Bhala,16,22663/22664,Tambram,Jodhpur,Exp,"23,46",
22481/22482,Jodhpur,Delhi Sarai Rohilla,Exp,59,22665/22666,KSR Bengaluru,Coimbatore,Uday,86,
22483/22484,Bhagat ki Kothi,Gandhidham,Exp,"11,23",22667/22668,Nagercoil,Coimbatore,Exp,69,
22485/22486,New Delhi,Firozpur,Intercity,"15,16",22669/22670,Ernakulam Jn,Patna,Exp,"17,86",
22487/22488,Amritsar,Delhi,Vande Bharat,4,22671/22672,Chennai Egmore,Madurai,Tejas,21,
22489/22490,Varanasi,Meerut City,Vande Bharat,88,22673/22674,Bhagat Ki Kothi,Mannargudi,Exp,"3,8,21,28",
22497/22498,Sri GangaNagar,Tiruchchirappalli,Humsafar,"11,19,45,69",22675/22676,Chennai Egmore,Tiruchchirappalli,Exp,21,
22499/22500,Deoghar,Varanasi,Vande Bharat,1,22679/22680,Yesvantpur,Hassan,Exp,19,
22501/22502,SMVT Bengaluru,New Tinsukia,SF Exp,"20,29,66,74",22681/22682,Mysuru,MGR Chennai Central,Exp,20,
22503/22504,Kanniyakumari,Dibrugarh,Exp,"29,66,74,86",22683/22684,Yesvantpur,Lucknow,Exp,"17,25,52",
22511/22512,Lokmanya Tilak (T),Kamakhya,Karmabhoomi,"5,14,74",22685/22686,Yesvantpur,Chandigarh,Karnataka Sampark,"9,19,27",
22533/22534,Gorakhpur,Yesvantpur,S.Fast,"9,35",,,,Kranti,,
22535/22536,Banaras,Rameswaram,S.Fast,"17,21",22687/22688,Mysuru,Varanasi,Exp,"6,9",
22537/22538,Gorakhpur,Lokmanya Tilak (T),S.Fast,35,22689/22690,Yesvantpur,Ahmedabad,Exp,31,
22539/22540,Mau Jn.,Anand Vihar (T),S.Fast,"1,63",22691/22692,KSR Bengaluru,H. Nizamuddin,Rajdhani,9,
22541/22542,Banaras,Anand Vihar (T),Garibrath,25,22697/22698,SSS Hubballi,MGR Chennai Central,Exp,"19,20",
22543/22544,Lalkuan,Bandra (T),Exp,"3,55,55A",22701/22702,Visakhapatnam,Guntur,Uday,"30,30A",
22545/22546,Lucknow Jn,Dehradun,Vande Bharat,12,22705/22706,Tirupathi,Jammu Tawi,Humsafar,"9,16,71",
22547/22548,Gwalior,Sabarmati,Sabarmati Exp,"2,23",22707/22708,Visakhapatnam,Tirupati,AC Double Decker,"7,7A",
22549/22550,Gorakhpur,Prayagraj,Vande Bharat,35,22709/22710,Hazur Saheb Nanded,Amb Andaura,Exp,"2,27,53",
22551/22552,Darbhanga,Jalandhar City,Antyodaya,"13,64",22715/22716,Kacheguda,Madurai,Exp,"52,70",
22553/22554,Raxaul,Lokmanya Tilak (T),Antyodaya,"6,90",22717/22718,Secunderabad,Rajkot,Exp,31,
22563/22564,Jaynagar,Udhna,Exp,"24,90",22723/22724,H.S. Nanded,Sriganganagar,Exp,"23,34,53",
22581/22582,Ballia,New Delhi,SF,25,22731/22732,Chhatrapati Shivaji,Hyderabad,Exp,10,
,,,,,,Maharaj (T),,,,
22583/22584,Chhapra,Lokmanya Tilak (T),Antyodaya,"22,35",,,,,,
,,,,,22737/22738,Secunderabad,Hisar,Exp,"23,46,59",
22601/22602,MGR Chennai Central,Sai Nagar Shirdi,Exp,"10,20",,,,,,
,,,,,22801/22802,Visakhapatnam,MGR Chennai Central,Exp,7,
22603/22604,Kharagpur,Villupuram,Exp,7,,,,,,
,,,,,22803/22804,Shalimar,Sambalpur,Exp,"7,78",
22605/22606,Purulia,Tirunelveli,Exp,"7,21,87",,,,,,
,,,,,22805/22806,Bhubaneswar,Anand Vihar (T),(via Sambalpur),"78,41",
22609/22610,Mangaluru Central,Coimbatore,Intercity,86,,,,,,
,,,,,22807/22808,Santragachi,MGR Chennai Central,AC,7,
22611/22612,MGR Chennai Central,New Jalpaiguri,Exp,29,,,,,,
,,,,,22809/22810,Para deep,Visakhapatnam,Exp,30,
22613/22614,Rameswaram,Ayodhya Cantt.,Shraddha-Setu,"12,17,21",,,,,,
,,,,,22811/22812,Bhubaneswar,New Delhi,Tejas Rajdhani,32,
22615/22616,Tirupati,Coimbatore,Intercity,70,,,,,,
,,,,,22815/22816,Bilaspur,Ernakulam Jn,Exp,"86,8,42",
22617/22618,Tirupati,SMVT Bengaluru,Intercity,20,,,,,,
,,,,,22817/22818,Howrah,Mysuru,Exp,"7,20",
22619/22620,Bilaspur,Tirunelveli,Exp,"8,42,86",,,,,,
,,,,,22819/22820,Bhubaneswar New,Visakhapatnam,Intercity,30,
22621/22622,Rameshwaram,Kanniyakumari,Exp,21,,,,,,
,,,,,22823/22824,Bhubaneswar,New Delhi,Tejas Rajdhani,32,
22623/22624,Tambaram,Madurai,Exp,21,,,,,,
,,,,,22825/22826,Shalimar,MGR Chennai Central,Exp,7,
22625/22626,MGR Chennai,KSR Bengaluru,AC Double Decker,20,,,,,,
,Central,,,,22827/22828,Puri,Surat,Exp,"34,78",
22627/22628,Tiruchchirappalli,Thiruvananthapuram,Intercity,21,22829/22830,Bhuj,Shalimar,Exp,"4,32,11",
22629/22630,Dadar,Tirunelveli,Exp,"69,26",22831/22832,Howrah,Yeshwantpur,Exp,"7,49",
22631/22632,Madurai,Bikaner,Anuvrat,"3,8,21,28",22833/22834,Bhubaneswar,SMVT Bengaluru,Humsafar,"7,7A,20",
22633/22634,Thiruvananthapuram,H. Nizamuddin,Exp,"3,26",22835/22836,Shalimar,Puri,Exp,7,
22637/22638,MGR Chennai,Mangaluru Central,West-Coast,86,22837/22838,Hatia,Ernakulam Jn,Dharti Aaba,"40,40A",
,Central,,,,22839/22840,Rourkela,Bhubaneswar,Intercity,78,
22639/22640,MGR Chennai,Alappuzha,Exp,86,22841/22842,Santragachi,Tambaram,Antyodaya,"7,7A",
,Central,,,,22843/22844,Bilaspur,Buxar,Exp,"5,36",
22641/22642,Thiruvananthapuram,Shalimar,Exp,"86,29",22845/22846,Pune,Hatia,Exp,"44, 5",
22643/22644,Ernakulam Jn,Patna,Exp,"86,29",22847/22848,Visakhapatnam,Lokmanya Tilak (T),Exp,"42,5",
22645/22646,Indore,Thiruvanthapuram,Ahilyanagari,"8,86",22849/22850,Shalimar,Secunderabad,Exp,30,
,,North,,,22851/22852,Santragachi,Mangaluru Central,Vivek,"7,86",
22647/22648,Korba,Thiruvanthapuram,Exp,"42,8,86",22853/22854,Shalimar,Visakhapatnam,Exp,7,
,,North,,,22855/22856,Santragachi,Tirupati,Exp,7,
22649/22650,MGR Chennai Central,Erode,Yercaud,86,22857/22858,Santragachi,Anand Vihar (T),Exp,32,
22651/22652,MGR Chennai Central,Palakkad,Exp,"86,69",22859/22860,Puri,MGR Chennai Central,Exp,7,
22653/22654,Thiruvananthapuram,H. Nizamuddin (via,Exp,"3,26",22861/22862,Howrah,Kantabanji,Ispat,5,
,,Kottayam),,,22863/22864,Howrah,SMVT Bengaluru,Exp,29,
22655/22656,Ernakulam Jn,H. Nizamuddin (via,Exp,"3,26",22865/22866,Lokmanya Tilak (T),Puri,Exp,"5,78",
,,Alappuzha),,,22867/22868,Durg,H. Nizamuddin,Humsafar,"32,81",TAG-26
,,,,,25,,,,,
,Train,From,To,Train,Table,Train,From,To,Train,Table
,No.,station,station,Name,No.,No.,station,station,Name,No.
,22869/22870,Visakhapatnam,MGR Chennai Central,Exp,7,22993/22994,Bandra (T),Mahuva,Exp,11
,22871/22872,Bhubaneswar,Tirupati,Exp,7,22995/22996,Delhi,Jodhpur,Mandore,23
,22873/22874,Digha,Visakhapatnam,Exp,7,22997/22998,Jhalawar City,Sri Ganga Nagar,Exp,28
,22877/22878,Howrah,Ernakulam Jn,Antyodaya,"29,86",24203/24204,Varanasi,Lucknow,SF Exp,25
,22879/22880,Bhubaneswar,Tirupati,Exp,7,25013/25014,Jaisalmer,Ramnagar,Corbett Park Link,"23,55"
,22881/22882,Pune,Bhubaneswar,Exp,"10,30",25035/25036,Delhi,Ramnagar,Link Exp,55
,22883/22884,Puri,Yesvantpur,Garib Rath,"7,49",26401/,Shri Mata Vaishno,Sri Nagar,Vande Bharat,16
,22887/22888,Howrah,SMVT Bengaluru,Humsafar,29,26402,Devi Katra,,,
,22889/22890,Digha,Puri,Exp,7,26403/26404,Sri Nagar,Shri Mata Vaishno,Vande Bharat,16
,22891/22892,Howrah,Ranchi (via Tata Nagar),Exp,87,,Devi Katra,,,
,22893/22894,Sai Nagar Shirdi,Howrah,Exp,5,26405/26406,Amritsar,Shri Mata Vaishno,Vande Bharat,"16,13"
,,,,,,,Devi Katra,,,
,22895/22896,Howrah,Puri,Vande Bharat,7,,,,,
,,,,,26461/26462,Delhi,Firozpur Cantt.,Vande Bharat,15,
,22897/22898,Howrah,Digha,Kandari,87,,,,,
,,,,,26101/26102,Ajni,Pune,Vande Bharat,5,
,22901/22902,Bandra (T),Udaipur,Exp,"3,54",,,,,
,,,,,26301/26302,Danapur,Jogbani,Vande Bharat,90,
,22903/22904,Bandra (T),Bhuj,AC,11,,,,,
,,,,,26471/26472,Bikaner,Delhi Cantt,Vande Bharat,59,
,22905/22906,Okha,Shalimar,S.Fast,34,,,,,
,,,,,26481/26482,Jodhpur,Delhi Cantt,Vande Bharat,23,
,22907/22908,Madgaon,Hapa,Exp,26,,,,,
,,,,,26501/26502,Patliputra,Gorakhpur,Vande Bharat,"37, 64",
,22909/22910,Valsad,Puri,Exp,"3,43,78",,,,,
,,,,,26503/26504,Saharanpur,Gomti Nagar,Vande Bharat,"12,38",
,22911/22912,Howrah,Indore,Shipra,65,,,,,
,,,,,26505/26506,Khajuraho,Banaras,Vande Bharat,"2,24,63",
,22913/22914,Bandra (T),Saharsa,Humsafar,24,,,,,
,,,,,26651/26652,KSR Bengluru,Ernakulam Jn,Vande Bharat,86,
,22915/22916,Bandra (T),Hisar,Exp,"11,23,59",,,,,
,,,,,26751/26752,Belagavi,KSR Bengaluru,Vande Bharat,19,
,22917/22918,Bandra (T),Haridwar,Exp,"3,75",,,,,
,,,,,26901/26902,Sabarmati,Veraval,Vande Bharat,11,
,22919/22920,MGR Chennai Central,Ahmedabad,Humsafar,"10,31",,,,,
,,,,,28181/28182,Tatanagar,Katihar,,37,
,22921/22922,Bandra (T),Gorakhpur,Antyodaya,"3,82",,,,,
,,,,,52451/52452,Kalka,Shimla,Shivalik,94,
,22923/22924,Bandra (T),Jamnagar,Humsafar,11,,,,,
,,,,,52453/52454,Kalka,Shimla,,94,
,22925/22926,Okha,Ahmedbad,Vande Bharat,11,,,,,
,,,,,52455/52456,Kalka,Shimla,,94,
,22927/22928,Bandra (T),Ahmedabad,Lokshakti,11,,,,,
,,,,,52457/52458,Kalka,Shimla,,94,
,22929/22930,Dahanu Road,Vadodara,S.Fast,11,,,,,
,,,,,52461/52462,Pathankot Jn.,Jwalamukhi Road,,96,
,22931/22932,Bandra (T),Jaisalmer,Exp,"11,23",,,,,
,,,,,52465/52466,Pathankot Jn.,Baijnath Paprola,,96,
,22933/22934,Bandra (T),Jaipur,Exp,3,,,,,
,,,,,52467/52464,Pathankot Jn.,Baijnath Paprola,,96,
,22935/22936,Bandra (T),Palitana,Exp,"11,76",,,,,
,,,,,52469/52470,Pathankot Jn.,Baijnath Paprola,,96,
,22937/22938,Rajkot,Rewa,Exp,"6,34",,,,,
,,,,,52471/52472,Pathankot Jn.,Joginder Nagar,,96,
,22939/22940,Okha,Bilaspur,Exp,34,,,,,
,,,,,52473/52474,Pathankot Jn.,Joginder Nagar,,96,
,22941/22942,Indore,Martyr Captain Tushar,S.Fast,"3,16",,,,,
,,,Mahajan,,52475/52476,Pathankot Jn.,Baijnath Paprola,,96,
,22943/22944,Daund,Indore,S.Fast,"3,31",52538/52539,New Jalpaiguri,Darjeeling,95,
,22945/22946,Mumbai Central,Okha,Saurashtra,11,52540/52541,Darjeeling,New Jalpaiguri,Passenger,95
,22947/22948,Surat,Bhagalpur,Exp,24,52544,Darjeeling,Ghum,95,
,22949/22950,Bandra (T),Delhi Sarai Rohilla,Exp,"11,23",52590,Darjeeling,Ghum,Joy Ride,95
,22951/22952,Bandra (T),Gandhidham,Exp,11,52591,Darjeeling,Ghum,Joy Ride,95
,22953/22954,Mumbai Central,Ahmedabad,Gujarat S.K.Exp.,11,52592,Darjeeling,Ghum,Joi Ride,95
,22955/22956,Bandra (T),Bhuj,Kutch,11,52593,Darjeeling,Ghum,Joy Ride,95
,22957/22958,Gandhinagar Capital,Veraval,Somnath,"11,76",52594,Darjeeling,Ghum,Joy Ride,95
,22959/22960,Vadodara,Jamnagar,Exp,11,52595,Darjeeling,Ghum,Joy Ride,95
,22961/22962,Mumbai Central,Ahmedabad,Vande Bharat,11,52596,Darjeeling,Ghum,Joy Ride,95
,22963/22964,Bandra (T),Bhavnagar,Exp,11,52597,Darjeeling,Ghum,Joy Ride,95
,22965/22966,Bandra (T),Bhagat Ki Kothi,Exp,"11,23",52598,Darjeeling,Ghum,Joy Ride,95
,22967/22968,Ahamedabad,Prayagraj,Exp,"24,46",52599,Darjeeling,Ghum,Joy Ride,95
,22969/22970,Okha,Banaras,Exp,"3,33,34,65",56136/56137,Udagamandalam,Mettupalayam,97,
,22971/22972,Bandra (T),Patna,Exp,24,56139/56141,Coonoor,Udagamandalam,97,
,22973/22974,Gandhidham,Puri,Exp,34,56140/56138,Coonoor,Udagamandalam,97,
,22975/22976,Bandra (T),Ramnagar,Exp,"3,82",56142/56143,Coonoor,Udagamandalam,97,
,22977/22978,Jaipur,Jodhpur,Exp,28,82501/82502,Lucknow Jn.,New Delhi,Tejas,25
,22981/22982,Kota,Sri Ganga Nagar,,28,82901/82902,Mumbai Central,Ahmedabad,Tejas,11
,22983/22984,Kota,Indore,Intercity,72,94801/94802,Ahmedabad,Bhuj,Namo Bharat ,11
,,,,,,,,Rapid Rail,,
,22985/22986,Udaipur,Delhi Sarai Rohilla,Rajasthan Humsafar,"23,54",,,,,
,,,,,94803/94804,Danapur,Jaynagar,Namo Bharat Rapid,90,
,22987/22988,Ajmer,Agra Fort,Exp,23,,,,,
,,,,,,,,Rail,,
TAG-26,22989/22990,Bandra (T),Mahuva,Exp,11,,,,,
,22991/22992,Valsad,Jodhpur,SF Exp,"23,31",,,,,
,,,,,26,,,,,
